target_id,total_pop_chg,total_pop_chg_adj,units_chg,units_chg_adj,rgid,county_id,ofm_total_pop,ofm_hhpop,ofm_units,ofm_hh,ofm_gq,ofm_vacancy_by_rgid,ofm_gq_pct,gq_2044,total_pop_2044,hhpop_2044,units_2044,hh_2044,hhsz_2044,king_hhsz,vacancy_rate,hhpop_initial_2044,initial_hhpop_2044_sum_by_rgid,hhpop_rgid_factored_2044,hhpop_factor,emp_chg,emp_chg_adj,control_id_2023,control_name_2023,Emp_TotNoMil_2023,Emp_ConRes_2023,Emp_Military_2023,Emp_Total_2023,TotEmpNoMil-ResCon_2023,emp_2044,res_con_pct,res_con_target_pct,emp_chg_cnty_sum,res_con_emp_chg_cnty_sum,res_con_emp_chg_target,emp_chg_adj_res_con,hh_annual_change,hh_2050,total_pop_annual_change,total_pop_2050,emp_annual_change,emp_2050,gq_2050,hhpop_2050,hhsz_2050
1,,,35000.0,31505.0,1,53033,153779.967490409,152183.7728388855,65925.61689625497,61856.60030540794,1596.1946515234902,,0.025216460753767888,2527,232392.0,229865.0,97430.61689625497,92851.0,2.3612401101291236,2.0,4.7,219244.0,1095599.0,1148676.0,1.0484456448025234,70000,66219,1,Bellevue,162594,8215,0,162594,154379,230383,0.05052461960465946,3536.7233723261625,490831.0,13743.268,1569.7134031027426,67788.71340310274,1475.9237949805743,101707,3743.430119504333,254853,3228.0476190476193,249751,2586,252267,2.4803307540287296
2,,,112000.0,75799.0,1,53033,768685.0499296482,746205.0283976754,398333.75641879515,369257.4592572984,22480.021531972852,,0.3551362486798236,35587,954398.0,918811.0,474132.75641879515,451849.0,1.9394864354223684,2.0,4.7,876355.0,1095599.0,1148676.0,1.0484456448025234,169500,157141,2,Seattle,685074,30068,0,685074,655006,845517,0.04389014909338261,7439.380271328352,490831.0,13743.268,3301.8400630529427,160442.84006305295,3932.9305115572197,475447,8843.473812873897,1007459,7640.142857142857,891358,36426,971033,2.042358033597856
3,,,12000.0,11032.0,2,53033,78677.6660560918,77696.6660560918,28688.404788167616,27543.94767650542,981.0,,0.015497701346033017,1553,103905.0,102352.0,39720.404788167616,37973.0,2.7060838566381147,2.52,4.4,102758.0,975797.0,971941.0,0.9960483584188105,19520,19520,3,Auburn,47889,5673,0,47889,42216,68435,0.11846144208482115,2312.367349495709,490831.0,13743.268,1026.304191558309,20546.30419155831,496.6215392140276,40953,1201.3016163765813,111113,978.3809523809524,74305,1590,109523,2.674358410861231
4,,,5800.0,4973.0,2,53033,29211.179577659426,29017.179577659426,12869.444801431611,12151.781450997221,194.00000000000003,,0.0030647849756680998,307,39227.0,38920.0,17842.44480143161,17057.0,2.2907637324022363,2.52,4.4,39074.0,975797.0,971941.0,0.9960483584188105,9500,9500,4,Bothell,17627,1442,0,17627,16185,27472,0.08180631985022976,777.1600385771827,490831.0,13743.268,344.9290205889321,9844.929020588932,233.58183566679898,18458,476.9438296352654,42089,468.8095238095238,30285,314,41775,2.263246288872034
5,,,7500.0,7162.0,2,53033,52403.67620044507,51940.67620157756,20998.794840707564,20041.81397681164,462.99999886751175,,0.007314409485894314,733,67402.0,66669.0,28160.794840707564,26922.0,2.4861974914617355,2.52,4.4,66933.0,975797.0,971941.0,0.9960483584188105,4770,4770,5,Burien,13955,1389,0,13955,12566,18936,0.09953421712647796,474.7782156932999,490831.0,13743.268,210.72208658060921,4980.722086580609,327.6279058661123,28888,714.2058952169014,71687,237.1904761904762,20359,750,70937,2.4555870949875382
6,,,11260.0,10709.0,2,53033,101491.36106107656,100210.36106107656,37882.37269596626,36226.00267716207,1281.0,,0.020237059555829048,2028,124815.0,122787.0,48591.37269596626,46453.0,2.653733234635585,2.52,4.4,123274.0,975797.0,971941.0,0.9960483584188105,20460,20460,6,Federal Way,32758,2467,0,32758,30291,53902,0.07530984797606692,1540.839489590329,490831.0,13743.268,683.8749159081459,21143.874915908145,486.99987251609195,49375,1110.6494732820686,131479,1006.8571428571429,59943,2076,129403,2.620820253164557
7,,,3500.0,2042.0,2,53033,40254.385517053495,39711.385517053495,17551.22550177804,16588.93232218319,543.0,,0.008578238359730815,860,43705.0,42845.0,19593.22550177804,18731.0,2.296474650182392,2.52,4.4,43015.0,975797.0,971941.0,0.9960483584188105,7950,7787,7,Issaquah,29733,889,0,29733,28844,37625,0.029899438334510475,237.70053475935828,490831.0,13743.268,105.49926473074585,7892.499264730746,102.00322275318138,19343,164.314975378405,44691,375.8095238095238,39880,880,43811,2.264953730031536
8,,,10200.0,8465.0,2,53033,137866.58961365055,136449.5806097133,49757.41952549119,47375.10054097186,1417.0090039372444,,0.022385710853882915,2243,155429.0,153186.0,58222.41952549119,55661.0,2.7630396168854148,2.52,4.4,153794.0,975797.0,971941.0,0.9960483584188105,32000,32000,8,Kent,77331,8746,0,77331,68585,110937,0.11309824003310445,3619.1436810593423,490831.0,13743.268,1606.2942293892063,33606.294229389205,394.56664090610207,58028,836.3052564928311,160447,1600.2857142857142,120539,2296,158151,2.7254256565795822
9,,,13200.0,10046.0,2,53033,96781.42297538681,95711.42297538681,42552.9211072286,39681.34345903497,1070.0,,0.016903710948272508,1694,117588.0,115894.0,52598.9211072286,50285.0,2.3138886575979543,2.52,4.4,116354.0,975797.0,971941.0,0.9960483584188105,26490,22182,9,Kirkland,58814,4166,0,58814,54648,81829,0.07083347502295372,1876.378753358044,490831.0,13743.268,832.7982056753601,23014.79820567536,504.93602576023943,53315,990.7893821244375,123533,1095.952380952381,88405,1734,121799,2.284516552564944
10,,,20000.0,14847.0,2,53033,77247.52815592854,76817.52815592854,34215.06461777765,31537.150921748544,430.0,,0.006793080100707643,681,109846.0,109165.0,49062.06461777765,46903.0,2.336699810099582,2.52,4.4,109598.0,975797.0,971941.0,0.9960483584188105,24000,20729,10,Redmond,101987,3441,0,101987,98546,123075,0.03373959426201378,809.7502622883308,490831.0,13743.268,359.39362683147766,21088.39362683148,731.707098964355,51293,1552.308183051022,119160,1004.1904761904761,129100,697,118463,2.3095354141890705
11,,,17000.0,16233.0,2,53033,106953.5215879731,106311.20032605629,43513.443366943175,41414.717667116805,642.3212619168091,,0.010147301819973252,1017,141118.0,140101.0,59746.443366943175,57118.0,2.462574443455751,2.52,4.4,140657.0,975797.0,971941.0,0.9960483584188105,31780,30277,11,Renton,74538,4639,0,74538,69899,105693,0.06223671147602565,1977.8826907080952,490831.0,13743.268,877.8489699428752,31154.848969942876,747.775349184914,61605,1626.8799243822334,150879,1483.5714285714287,114594,1041,149838,2.432237643048454
12,,,5900.0,5815.0,2,53033,31123.433278802302,30294.49403426985,11636.753166685201,10761.197580093376,828.9392445324509,,0.0130954667133233,1312,46192.0,44880.0,17451.7531666852,16684.0,2.7006490403146453,2.52,4.4,45058.0,975797.0,971941.0,0.9960483584188105,14810,8980,12,SeaTac,45021,2166,0,45021,42855,54317,0.04811088158859199,712.5221563270474,490831.0,13743.268,316.24061625679445,9296.240616256795,282.038210471744,18376,717.5507962475094,50497,442.6666666666667,56973,1343,49154,2.6749020461471487
13,,,6500.0,5402.0,2,53033,22764.08166998408,22399.08166998408,9188.425811084093,8494.901282182127,365.0,,0.005766219155251836,578,35721.0,35143.0,14590.425811084093,13948.0,2.529513073254576,2.52,4.4,35282.0,975797.0,971941.0,0.9960483584188105,15890,15890,13,Tukwila,44659,3133,0,44659,41526,61044,0.07015383237421348,1114.7443964262523,490831.0,13743.268,494.75998993754297,16384.759989937542,259.6713675151368,15506,616.996110953139,39423,780.2380952380952,65725,591,38832,2.504320908035599
14,,,3800.0,3245.0,3,53033,33058.18986399489,32404.056372831255,13401.934593494987,12303.523697926714,654.1334911636343,,0.01033390977216303,1036,41812.0,40776.0,16646.93459349499,16048.0,2.5396648230266092,2.51,3.6,40757.0,329583.0,329735.0,1.0004611888355892,2380,1694,14,Des Moines,8548,692,0,8548,7856,10328,0.08095460926532522,192.671970051474,490831.0,13743.268,85.5141163028222,1779.5141163028222,178.30839533682314,17118,416.8481017145289,44313,84.76190476190476,10837,1060,43253,2.5267554620866925
15,,,1020.0,771.0,3,53033,25160.430697001648,25074.430697001648,8673.18173294632,8371.5308606287,86.0,,0.0013586160201415286,136,26443.0,26307.0,9444.18173294632,9104.0,2.888236376126982,2.51,3.6,26295.0,329583.0,329735.0,1.0004611888355892,720,720,15,Federal Way PAA,2158,527,0,2158,1631,2956,0.24420759962928637,175.8294717330862,490831.0,13743.268,78.03886518225742,798.0388651822574,34.87948282720477,9313,61.07472871420725,26809,38.0,3184,139,26670,2.863738859658542
16,,,3070.0,2735.0,3,53033,24226.806081607796,24087.806081607796,9794.277580568903,9421.960477529112,139.0,,0.002195902637205494,220,30009.0,29789.0,12529.277580568903,12078.0,2.465258714726847,2.51,3.6,29775.0,329583.0,329735.0,1.0004611888355892,3200,2907,16,Kenmore,5116,662,0,5116,4454,8207,0.12939796716184518,414.07349491790455,490831.0,13743.268,183.77934783594048,3090.7793478359404,126.47807249861373,12837,275.3425675424859,31661,147.1904761904762,9090,225,31436,2.4488587676248343
17,,,870.0,816.0,3,53033,13486.586659657454,13447.586659657454,5506.377847128888,5265.762460750296,39.00000000000001,,0.000616116567273484,62,15078.0,15016.0,6322.377847128888,6095.0,2.4625758843514984,2.51,3.6,15009.0,329583.0,329735.0,1.0004611888355892,550,309,17,Lake Forest Park,2233,263,0,2233,1970,2571,0.11777877295118674,64.77832512315271,490831.0,13743.268,28.750737468472423,337.75073746847244,39.48750186903354,6332,75.78158763535933,15533,16.095238095238095,2668,63,15470,2.443145925457991
18,,,1239.0,1087.0,3,53033,25786.338770408547,25622.338770408547,10600.200113011673,9904.217717561047,164.0,,0.0025908491546884965,260,28377.0,28117.0,11687.200113011673,11266.0,2.494624165532058,2.51,3.6,28104.0,329583.0,329735.0,1.0004611888355892,1300,287,18,Mercer Island,9253,613,0,9253,8640,9578,0.0662487841781044,86.12341943153572,490831.0,13743.268,38.22438782194172,325.2243878219417,64.84677535423586,11655,123.36482045673586,29117,15.476190476190476,9671,266,28851,2.4754182754182756
19,,,1480.0,901.0,3,53033,13564.725253421271,13533.046515338081,5809.897814699128,5417.755720278308,31.678738083190776,,0.0005004562913684945,50,15639.0,15589.0,6710.897814699128,6469.0,2.408699873611239,2.51,3.6,15582.0,329583.0,329735.0,1.0004611888355892,500,500,19,Newcastle,3022,124,0,3022,2898,3531,0.04103242885506287,20.516214427531434,490831.0,13743.268,9.105766376815742,509.1057663768157,50.059251415318656,6769,98.77498793232041,16232,24.238095238095237,3676,51,16181,2.390456492834983
20,,,1420.0,1088.0,3,53033,20658.58327301343,20418.58327301343,7931.937000870705,7526.92149835825,240.0,,0.003791486567836824,380,23135.0,22755.0,9019.937000870705,8695.0,2.615861546061908,2.51,3.6,22745.0,329583.0,329735.0,1.0004611888355892,1220,1220,20,North Highline,6278,544,0,6278,5734,7545,0.08665179993628544,105.71519592226824,490831.0,13743.268,46.919858434298085,1266.919858434298,55.6227857924643,9029,117.92460604697945,23843,60.333333333333336,7907,389,23454,2.5976298593421197
22,,,170.0,149.0,3,53033,7630.489283243815,7612.489283243815,2690.7812274843454,2624.3340244856145,17.999999999999993,,0.00028436149258776166,28,7691.0,7663.0,2839.7812274843454,2738.0,2.797139445734003,2.51,3.6,7659.0,329583.0,329735.0,1.0004611888355892,0,0,22,Renton PAA - East Renton,795,109,0,795,686,795,0.1371069182389937,0.0,490831.0,13743.268,0.0,0.0,5.4126655006850255,2770,2.881462702675457,7708,0.0,795,29,7679,2.772202166064982
23,,,840.0,652.0,3,53033,24278.72730074209,24139.727300742095,9078.414865718769,8849.73242413647,139.0,,0.002195902637205494,220,24903.0,24683.0,9730.414865718769,9380.0,2.630321013533688,2.51,3.6,24672.0,329583.0,329735.0,1.0004611888355892,100,0,23,Renton PAA - Fairwood,3336,331,0,3336,3005,3340,0.09922062350119903,9.922062350119903,490831.0,13743.268,4.403735496893133,4.403735496893133,25.250836945882405,9532,29.727271393233725,25081,0.19047619047619047,3341,225,24856,2.6076374318086444
24,,,670.0,536.0,3,53033,17438.89526575135,17319.89526575135,6649.177360216045,6327.583867379822,119.0,,0.001879945423219092,188,18479.0,18291.0,7185.177360216045,6927.0,2.639452714137281,2.51,3.6,18283.0,329583.0,329735.0,1.0004611888355892,600,457,24,Renton PAA - West Hill,1836,191,0,1836,1645,2321,0.10403050108932461,62.41830065359477,490831.0,13743.268,27.703281489725914,484.7032814897259,28.543625362865637,7098,49.528796868983285,18776,23.095238095238095,2460,193,18583,2.6180614257537336
25,,,13330.0,11638.0,3,53033,61090.39846079475,59303.39846079475,25591.824797628848,24415.340345082994,1787.0,,0.02823077706968502,2829,86929.0,84100.0,37229.82479762885,35890.0,2.3421965336242074,2.51,3.6,84061.0,329583.0,329735.0,1.0004611888355892,10000,10000,25,Shoreline,18672,1144,0,18672,17528,28944,0.061268209083119106,612.6820908311911,490831.0,13743.268,271.928332688961,10271.928332688962,546.4123645198574,39168,1230.409597105012,94311,489.14285714285717,31879,2896,91415,2.333920547385621
26,,,2033.0,1237.0,3,53033,13830.000050723553,13787.000050723553,6413.999993145466,5892.815014541149,43.000000000000014,,0.0006793080100707645,68,16717.0,16649.0,7650.999993145466,7376.0,2.2560748478051225,2.51,3.6,16641.0,329583.0,329735.0,1.0004611888355892,5000,4619,26,Woodinville,15228,2087,0,15228,13141,20151,0.137050170738114,685.25085369057,490831.0,13743.268,304.1367209950076,4923.136720995008,70.62785645042148,7800,137.47618806078322,17542,234.42857142857142,21558,70,17472,2.24
27,,,170.0,150.0,4,53033,3316.557071442916,3302.557071442916,1061.74982198098,1020.2049963897633,14.000000000000002,,0.00022117004979048141,22,3579.0,3557.0,1211.74982198098,1175.0,3.0338002478039607,2.75,3.0,3565.0,222588.0,222071.0,0.9976773231261343,325,325,27,Algona,1997,122,0,1997,1875,2331,0.061091637456184275,19.85478217325989,490831.0,13743.268,8.8122011285697,333.8122011285697,7.371190648106508,1219,12.497282312242099,3654,15.904761904761905,2426,23,3631,2.978671041837572
28,,,1.0,1.0,4,53033,315.0000066757202,315.0000066757202,118.00000000000001,105.99999785423279,0.0,,0.0,0,319.0,319.0,119.00000000000001,115.0,2.785023112901729,2.75,3.0,320.0,222588.0,222071.0,0.9976773231261343,0,0,28,Beaux Arts,21,0,0,21,21,21,0.0,0.0,490831.0,13743.268,0.0,0.0,0.4285715307508196,118,0.19047587258475168,320,0.0,21,0,320,2.711864406779661
29,,,2900.0,1791.0,4,53033,6689.829988718033,6689.829988718033,2682.89997535944,2467.3055132627487,0.0,,0.0,0,11002.0,11002.0,4473.89997535944,4340.0,2.5410677773050785,2.75,3.0,11028.0,222588.0,222071.0,0.9976773231261343,680,532,29,Black Diamond,735,177,0,735,558,1340,0.24081632653061225,163.75510204081633,490831.0,13743.268,72.67986535539009,604.6798653553901,89.17592793986911,4875,205.3414291086651,12234,28.80952380952381,1513,0,12234,2.5095384615384617
30,,,350.0,279.0,4,53033,2442.1596623659134,2442.1596623659134,939.7213273167611,874.4852821588516,0.0,,0.0,0,3087.0,3087.0,1218.721327316761,1182.0,2.6172526383795836,2.75,3.0,3094.0,222588.0,222071.0,0.9976773231261343,450,450,232,CarnationCarnation UGA,689,86,0,689,603,1164,0.12481857764876633,56.16835994194485,490831.0,13743.268,24.929353570895845,474.92935357089584,14.643557992435635,1270,30.706682744480315,3271,22.61904761904762,1300,0,3271,2.5755905511811026
31,,,10.0,10.0,4,53033,3070.4721096362387,3070.4721096362387,1083.7195273032123,985.6737606675537,0.0,,0.0,0,3091.0,3091.0,1093.7195273032123,1061.0,2.919416502328761,2.75,3.0,3098.0,222588.0,222071.0,0.9976773231261343,10,0,31,Clyde Hill,1146,8,0,1146,1138,1146,0.006980802792321117,0.06980802792321117,490831.0,13743.268,0.030983083928094554,0.030983083928094554,3.58696377773554,1083,0.9775185887505402,3097,0.0,1146,0,3097,2.8596491228070176
32,,,4310.0,3843.0,4,53033,21357.561833650507,21295.561833650507,7404.217907120573,7171.620857967976,61.99999999999999,,0.0009794673633578461,98,30388.0,30290.0,11247.217907120572,10910.0,2.7828889604006712,2.75,3.0,30361.0,222588.0,222071.0,0.9976773231261343,4496,4322,235,CovingtonCovington PAA,6347,771,0,6347,5576,10911,0.12147471246258075,546.150307231763,490831.0,13743.268,242.39935305048155,4564.399353050481,178.01805438247735,11978,430.02086506426156,32968,217.33333333333334,12215,100,32868,2.7440307229921523
33,,,890.0,521.0,4,53033,8718.965270655495,8718.965270655495,3059.8211237107007,2940.0438703724317,0.0,,0.0,0,9631.0,9631.0,3580.8211237107007,3473.0,2.7792987630754467,2.75,3.0,9653.0,222588.0,222071.0,0.9976773231261343,990,778,237,DuvallDuvall UGA,1805,182,0,1805,1623,2627,0.10083102493074793,99.82271468144044,490831.0,13743.268,44.304582709418504,822.3045827094185,25.37886331559849,3625,43.430225206881175,9892,39.142857142857146,2862,0,9892,2.7288275862068967
34,,,1057.0,549.0,4,53033,13703.05430773894,13642.05430773894,5842.454003751278,5512.63550694217,61.0,,0.0009636695026585261,97,14443.0,14346.0,6391.454003751278,6200.0,2.3192341285657037,2.75,3.0,14379.0,222588.0,222071.0,0.9976773231261343,989,930,239,EnumclawEnumclaw UGA,6015,846,0,6015,5169,7007,0.14064837905236907,139.10124688279302,490831.0,13743.268,61.73767881557893,991.7376788155789,32.73164252656335,6396,35.235509155288604,14654,47.23809523809524,7290,99,14555,2.2756410256410255
35,,,1.0,1.0,4,53033,455.72789953969016,455.72789953969016,184.26469412610572,171.91425863628737,0.0,,0.0,0,446.0,446.0,185.26469412610572,180.0,2.484378803717949,2.75,3.0,447.0,222588.0,222071.0,0.9976773231261343,0,0,35,Hunts Point,144,1,0,144,143,144,0.006944444444444444,0.0,490831.0,13743.268,0.0,0.0,0.3850353030339347,182,0.0,456,0.0,144,0,456,2.5054945054945055
36,,,1720.0,1043.0,4,53033,29250.288902411812,29250.288902411812,9948.011436336092,9637.162775222352,0.0,,0.0,0,30255.0,30255.0,10991.011436336092,10661.0,2.8444942663728896,2.75,3.0,30325.0,222588.0,222071.0,0.9976773231261343,1570,591,36,Maple Valley,6189,772,0,6189,5417,6867,0.12473743738891582,195.83777670059783,490831.0,13743.268,86.91920474362185,677.9192047436219,48.75415356084037,10954,47.84338559943752,30542,32.285714285714285,7061,0,30542,2.788205221836772
37,,,19.0,2.0,4,53033,2926.9214191436768,2926.9214191436768,1140.7873938083649,1005.2919965744019,0.0,,0.0,0,3019.0,3019.0,1142.7873938083649,1109.0,2.7286192268898493,2.75,3.0,3026.0,222588.0,222071.0,0.9976773231261343,0,0,37,Medina,944,58,0,944,886,944,0.0614406779661017,0.0,490831.0,13743.268,0.0,0.0,4.938476353599911,1139,4.384694326491583,3045,0.0,944,0,3045,2.6733977172958734
38,,,50.0,50.0,4,53033,1483.8529571277995,1360.8529571277995,598.0538186724757,579.3689081534533,123.0,,0.0019431368660163724,195,1577.0,1382.0,648.0538186724757,629.0,2.2013044599958844,2.75,3.0,1385.0,222588.0,222071.0,0.9976773231261343,900,874,38,Milton,131,10,0,131,121,1035,0.07633587786259542,68.70229007633588,490831.0,13743.268,30.49232133915718,904.4923213391572,2.3633853260260347,643,4.435573470104784,1604,43.04761904761905,1293,199,1405,2.1850699844479005
39,,,153.0,114.0,4,53033,6834.456219309585,6735.456219309585,2844.4535139663944,2687.1884130976405,99.0,,0.0015639882092326899,157,6883.0,6726.0,2958.4535139663944,2870.0,2.349053979019577,2.75,3.0,6742.0,222588.0,222071.0,0.9976773231261343,35,28,39,Normandy Park,1083,90,0,1083,993,1112,0.08310249307479224,2.9085872576177283,490831.0,13743.268,1.290926069621751,29.29092606962175,8.70531366201712,2922,2.311608604305461,6897,1.380952380952381,1120,160,6737,2.305612594113621
40,,,1748.0,1227.0,4,53033,10489.303407728941,10417.303407728941,4158.099739168939,3867.698627065487,72.0,,0.0011374459703510473,114,13270.0,13156.0,5385.099739168939,5224.0,2.5242175636004682,2.75,3.0,13187.0,222588.0,222071.0,0.9976773231261343,2218,2218,247,North BendNorth Bend UGA,3855,496,0,3855,3359,6200,0.12866407263294422,285.37691309987025,490831.0,13743.268,126.65959937215055,2344.6595993721508,64.58577966354824,5612,132.41412344147898,14064,111.66666666666667,6870,117,13947,2.4852102637205986
41,,,135.0,112.0,4,53033,7224.482536792755,7195.482536792755,2475.499476671219,2383.626498103142,29.0,,0.0004581379602802829,46,7131.0,7085.0,2587.499476671219,2510.0,2.8290838271586596,2.75,3.0,7101.0,222588.0,222071.0,0.9976773231261343,75,0,41,Pacific,1407,539,0,1407,868,1420,0.38308457711442784,28.73134328358209,490831.0,13743.268,12.751909011114364,12.751909011114364,6.017785804612296,2546,0.0,7224,0.6190476190476191,1424,47,7177,2.818931657501964
42,,,2100.0,1455.0,4,53033,68075.38943220075,67959.38943220075,22797.599625617542,22073.222277852743,116.00000000000001,,0.001832551841121132,184,67905.0,67721.0,24252.599625617542,23525.0,2.8854119687811433,2.75,3.0,67879.0,222588.0,222071.0,0.9976773231261343,728,0,42,Sammamish,10670,724,0,10670,9946,10692,0.06785379568884724,49.39756326148079,490831.0,13743.268,21.924252752954963,21.924252752954963,69.13227248320271,23940,0.0,68075,1.0476190476190477,10698,188,67887,2.835714285714286
43,,,10.0,10.0,4,53033,151.65662389993668,151.65662389993668,149.96149897575378,83.96412566304208,0.0,,0.0,0,261.0,261.0,159.96149897575378,155.0,1.692745667825397,2.75,3.0,262.0,222588.0,222071.0,0.9976773231261343,0,0,43,Skykomish,72,3,0,72,69,72,0.041666666666666664,0.0,490831.0,13743.268,0.0,0.0,3.382660682712282,175,5.206827433336349,292,0.0,72,0,292,1.6685714285714286
44,,,719.0,486.0,4,53033,15162.283019781113,15162.283019781113,5128.777989864349,4969.186980783939,0.0,,0.0,0,15537.0,15537.0,5614.777989864349,5446.0,2.8595872857563682,2.75,3.0,15573.0,222588.0,222071.0,0.9976773231261343,4425,4191,252,SnoqualmieSnoqualmie UGA,6911,528,0,6911,6383,11252,0.07639994212125596,338.06974388655766,490831.0,13743.268,150.04639953313873,4341.046399533138,22.70538186743146,5582,17.84366572470892,15644,206.71428571428572,12492,0,15644,2.802579720530276
45,,,10.0,2.0,4,53033,1177.38480527565,1177.38480527565,427.7149673935368,395.50018375060716,0.0,,0.0,0,1160.0,1160.0,429.7149673935368,417.0,2.7899462366841647,2.75,3.0,1163.0,222588.0,222071.0,0.9976773231261343,0,0,45,Yarrow Point,70,1,0,70,69,70,0.014285714285714285,0.0,490831.0,13743.268,0.0,0.0,1.0238007737806112,423,0.0,1177,0.0,70,0,1177,2.7825059101654848
46,,,12.0,12.0,5,53033,179.51857355662756,179.51857355662756,73.12299958297186,63.754428633621764,0.0,,0.0,0,222.0,222.0,85.12299958297186,83.0,2.685238539406718,2.65,3.0,223.0,21651.0,21571.0,0.9963050205533232,0,0,46,Auburn PAA,7,0,0,7,7,7,0.0,0.0,490831.0,13743.268,0.0,0.0,0.9164557793513446,88,2.022925068732021,234,0.0,7,0,234,2.659090909090909
48,,,17.0,17.0,5,53033,46.561999797821045,46.561999797821045,4.98199999332428,2.964000063948334,0.0,,0.0,0,56.0,56.0,21.98199999332428,21.0,2.65,2.65,3.0,56.0,21651.0,21571.0,0.9963050205533232,0,0,48,Bellevue PAA,25,24,0,25,1,25,0.96,0.0,490831.0,13743.268,0.0,0.0,0.8588571398119841,26,0.4494285810561407,59,0.0,25,0,59,2.269230769230769
49,,,328.0,328.0,5,53033,82.34099864959715,82.34099864959715,52.9640007019043,35.84000180056319,0.0,,0.0,0,808.0,808.0,380.9640007019043,370.0,2.1909473840766918,2.65,3.0,811.0,21651.0,21571.0,0.9963050205533232,0,0,49,Black Diamond PAA,5,1,0,5,4,5,0.2,0.0,490831.0,13743.268,0.0,0.0,15.912380866639849,465,34.555190540495374,1015,0.0,5,0,1015,2.182795698924731
51,,,35.0,33.0,5,53033,196.83037823300032,196.83037823300032,80.62265320711357,75.37016453943217,0.0,,0.0,0,273.0,273.0,113.62265320711357,110.0,2.490442416916946,2.65,3.0,274.0,21651.0,21571.0,0.9963050205533232,0,0,51,Issaquah PAA,10,0,0,10,10,10,0.0,0.0,490831.0,13743.268,0.0,0.0,1.6490397838365634,120,3.6271248460476038,295,0.0,10,0,295,2.4583333333333335
52,,,3.0,3.0,5,53033,474.53074161211646,474.53074161211646,177.81499898433682,166.11475110054016,0.0,,0.0,0,475.0,475.0,180.81499898433682,175.0,2.724206305275889,2.65,3.0,477.0,21651.0,21571.0,0.9963050205533232,300,264,52,Kent PAA,259,64,0,259,195,556,0.2471042471042471,74.13127413127414,490831.0,13743.268,32.90188186711632,296.90188186711634,0.4231070904504685,178,0.022345637518263912,475,14.142857142857142,641,0,475,2.668539325842697
53,,,448.0,371.0,5,53033,2161.6070010965377,2161.6070010965377,713.545466902284,686.1792285073398,0.0,,0.0,0,3148.0,3148.0,1084.545466902284,1052.0,3.0041596727536475,2.65,3.0,3160.0,21651.0,21571.0,0.9963050205533232,400,400,53,King UGA,554,52,0,554,502,971,0.09386281588447654,37.545126353790614,490831.0,13743.268,16.663753948041613,416.66375394804163,17.420036737745725,1157,46.97109518587916,3430,19.857142857142858,1090,0,3430,2.964563526361279
57,,,1.0,1.0,5,53033,12.967000007629395,12.967000007629395,3.0,1.993000030517578,0.0,,0.0,0,11.0,11.0,4.0,4.0,2.65,2.65,3.0,11.0,21651.0,21571.0,0.9963050205533232,0,0,57,Newcastle PAA,0,0,0,0,0,0,0.0,0.0,490831.0,13743.268,0.0,0.0,0.09557142711821057,5,0.0,13,0.0,0,0,13,2.6
58,,,134.0,129.0,5,53033,821.621105160032,813.621105160032,311.5800018310547,288.77896170956745,8.0,,0.0001263828855945608,13,1156.0,1143.0,440.5800018310547,427.0,2.686831900074932,2.65,3.0,1147.0,21651.0,21571.0,0.9963050205533232,0,0,58,Pacific PAA,41,14,0,41,27,41,0.34146341463414637,0.0,490831.0,13743.268,0.0,0.0,6.581954204306312,466,15.922804516188952,1252,0.0,41,13,1239,2.6587982832618025
60,,,120.0,117.0,5,53033,2784.8949909210205,2784.8949909210205,954.369001865387,923.6319978027605,0.0,,0.0,0,2977.0,2977.0,1071.369001865387,1039.0,2.8753697203045774,2.65,3.0,2988.0,21651.0,21571.0,0.9963050205533232,0,0,60,Redmond PAA,539,21,0,539,518,539,0.03896103896103896,0.0,490831.0,13743.268,0.0,0.0,5.49371439034474,1072,9.1478575751895,3032,0.0,539,0,3032,2.828358208955224
61,,,194.0,42.0,5,53033,906.1609783172607,906.1609783172607,330.88900434970856,305.1479969024659,0.0,,0.0,0,1021.0,1021.0,372.88900434970856,362.0,2.8319049582380176,2.65,3.0,1025.0,21651.0,21571.0,0.9963050205533232,0,0,61,Sammamish PAA,110,1,0,110,109,110,0.00909090909090909,0.0,490831.0,13743.268,0.0,0.0,2.70723824273972,378,5.468524842035203,1054,0.0,110,0,1054,2.7883597883597884
62,,,0.0,0.0,5,53033,11923.382645115691,11923.382645115691,4679.965512306826,4497.225094663474,0.0,,0.0,0,11437.0,11437.0,4679.965512306826,4540.0,2.528358755157424,2.65,3.0,11479.0,21651.0,21571.0,0.9963050205533232,0,0,616,King no growth UGA Bear Creek UPDKing no growth UGA Milton PAAKing no growth UGA Tukwila PAA,2867,65,0,2867,2802,2867,0.02267178235088943,0.0,490831.0,13743.268,0.0,0.0,2.0369002541202854,4552,0.0,11923,0.0,2867,0,11923,2.619288224956063
64,,,4211.0,3297.0,6,53033,131274.1854723111,130858.4309060891,51078.08266451197,47660.76828669653,415.7545662219868,,0.0065680327222812016,658,135284.0,134626.0,54375.08266451197,51656.0,2.62,2.62,5.0,135339.0,135339.0,134626.0,0.9947317476854417,0,0,365,King RuralKing Rural Ag & Resource,33951,9432,0,33951,24519,33951,0.2778121410267739,0.0,490831.0,13743.268,0.0,0.0,190.249129204927,52797,190.94354893756653,136430,0.0,33951,674,135756,2.571282459230638
65,20252.0,18734.0,9556.0,8505.0,1,53035,41067.36885800225,38503.033836029594,18539.043445112296,16888.565558031438,2564.3350219726562,0.08372830108332696,0.040511007463511974,4059,59801.36885800225,55742.36885800225,27044.043445112296,24779.69163302936,2.2495182621119505,,,,,,,14175,14175,466,BremertonNBK - Bremerton,32108,660,7982,40090,31448,46283,,,,,,,375.7679083332344,27034,892.0952380952381,65154,675.0,50333,4155,60999,2.256380853739735
67,2762.0,2695.0,1224.0,1195.0,1,53035,10140.250894115437,10135.250894115437,4413.451439674599,4142.155924428496,4.999999999999992,0.08372830108332696,7.898930349660037e-05,8,12835.250894115437,12827.250894115437,5608.451439674599,5138.865328922306,2.4961251313440234,,,,,,,2434,2434,67,Bremerton UGA,1323,252,0,1323,1071,3757,,,,,,,47.462352594943304,5424,128.33333333333334,13605,115.9047619047619,4452,8,13597,2.5068215339233038
68,9896.0,9279.0,4824.0,4553.0,2,53035,19641.608506997425,19430.608506997425,8416.77771343632,8007.707524134629,211.0,0.0486017574930917,0.003333348607556541,334,28920.608506997425,28586.608506997425,12969.77771343632,12339.423722268582,2.3166891056190932,,,,,,,11416,11416,68,Silverdale,13047,502,0,13047,12545,24463,,,,,,,206.27219991114063,13577,441.85714285714283,31572,543.6190476190476,27725,342,31230,2.3002135965235326
69,4524.0,4172.0,1977.0,1793.0,3,53035,24980.608007511837,24777.608007511837,11347.393153361307,10201.555308949655,203.0,0.07420700797362678,0.00320696572196198,321,29152.608007511837,28831.608007511837,13140.393153361307,12165.283893853233,2.3699905615913837,,,,,,,1927,1299,69,Bainbridge Island,9756,690,0,9756,9066,11055,,,,,,,93.51088499540847,12726,198.66666666666666,30345,61.857142857142854,11426,329,30016,2.3586358635863585
70,3200.0,3082.0,1519.0,1474.0,3,53035,2553.340019583702,2553.340019583702,1218.2139813899994,1143.1049946546555,0.0,0.07420700797362678,0.0,0,5635.340019583702,5635.340019583702,2692.2139813899994,2492.432837006282,2.2609796885650235,,,,,,,1400,1400,70,Kingston UGA,1013,41,0,1013,972,2413,,,,,,,64.25370677864889,2878,146.76190476190476,6516,66.66666666666667,2813,0,6516,2.2640722724113966
71,10500.0,8607.0,4943.0,4082.0,3,53035,17394.168450070574,16700.168450070574,7031.2850707354855,6488.613112300339,694.0,0.07420700797362678,0.010963715325328149,1099,26001.168450070574,24902.168450070574,11113.285070735485,10288.601436878229,2.420364769968813,,,,,,,5400,5331,71,Port Orchard,8648,450,0,8648,8198,13979,,,,,,,180.95182497989953,11374,409.85714285714283,28460,253.85714285714286,15502,1125,27335,2.4032882011605414
72,3552.0,3347.0,1646.0,1538.0,3,53035,15575.11208820343,15313.11208820343,6173.128991365433,5891.005935847759,262.0,0.07420700797362678,0.004139039503221866,415,18922.11208820343,18507.11208820343,7711.128991365433,7138.9091808175135,2.59242856568797,,,,,,,1500,1500,72,Port Orchard UGA,2543,276,0,2543,2267,4043,,,,,,,59.423964046178774,7495,159.38095238095238,19878,71.42857142857143,4472,425,19453,2.5954636424282853
73,4581.0,4158.0,1977.0,1749.0,3,53035,12356.524391725605,12000.887085199356,5320.006003201008,5059.237953901291,355.6373065262486,0.07420700797362678,0.0056183086279830785,563,16514.524391725605,15951.524391725605,7069.006003201008,6544.436218355855,2.437417656693593,,,,,,,3903,3614,73,Poulsbo,7780,320,0,7780,7460,11394,,,,,,,70.72372687878877,6969,198.0,17703,172.0952380952381,12427,576,17127,2.457597933706414
74,1065.0,1052.0,385.0,379.0,3,53035,540.67600440979,540.67600440979,209.77799946069715,193.6229998469353,0.0,0.07420700797362678,0.0,0,1592.67600440979,1592.67600440979,588.7779994606972,545.0865457600212,2.9218772996664253,,,,,,,97,67,74,Poulsbo PUTA,107,2,0,107,105,174,,,,,,,16.736359329194567,646,50.095238095238095,1893,3.1904761904761907,193,0,1893,2.930340557275542
75,5000.0,4759.0,2721.0,2618.0,5,53035,24036.978911578655,23918.978911578655,9108.97934872243,8726.062367195238,117.99999999999999,0.04203730921630622,0.0018641475625197717,187,28795.978911578655,28608.978911578655,11726.97934872243,11234.008691666948,2.546640268562365,,,,,,,1470,1142,75,Central Kitsap UGA,4295,150,0,4295,4145,5437,,,,,,,119.4260154510338,11951,226.61904761904762,30156,54.38095238095238,5763,191,29965,2.5073215630491172
76,5415.0,2981.0,2179.0,1333.0,6,53035,107236.88299587884,105455.49234830352,43122.97191350009,40068.51491162478,1781.390647575314,0.0708313195111463,0.028142161301466437,2820,110217.88299587884,107397.88299587884,44455.97191350009,41307.09676271642,2.5999862351211194,,,,,,,2301,0,780,Kitsap RuralKitsap Rural Ag & ResourceNBK - Bangor,21922,3435,3100,25022,18487,21922,,,,,,,58.98008814722111,41661,141.95238095238096,111070,0.0,21922,2887,108183,2.5967451573413984
77,105977.0,102857.0,42865.0,40643.0,1,53053,222266.74385971023,215415.72898384536,94569.02567895851,89033.80403251138,6851.014875864868,0.05853102119543896,0.10823137865788297,10846,325123.74385971023,314277.74385971023,135212.0256789585,127297.92773806515,2.4688362917139113,,,,,,,70800,67375,77,Tacoma,125023,5476,0,125023,119547,192398,,,,,,,1822.1011288358936,138231,4897.952380952381,354511,3208.3333333333335,211648,11101,343410,2.4843197256765848
78,263.0,217.0,112.0,98.0,2,53053,9866.663614432016,9866.663614432016,3836.6786019007363,3694.634892741839,0.0,0.053730653821559726,0.0,0,10083.663614432016,10083.663614432016,3934.6786019007363,3723.2657480429093,2.7082846879066786,,,,,,,0,0,78,Auburn,1368,156,0,1368,1212,1368,,,,,,,1.363374061955732,3731,10.333333333333334,10146,0.0,1368,0,10146,2.7193781827928167
79,23180.0,22531.0,9378.0,9057.0,2,53053,63190.499019859526,62719.00127803646,27129.862057783528,25546.496719454935,471.4977418230616,0.053730653821559726,0.007448655645364719,746,85721.49901985953,84975.49901985953,36186.862057783525,34242.51829966823,2.4815785531954537,,,,,,,9863,9778,79,Lakewood,29829,1902,0,29829,27927,39607,,,,,,,414.09626572444245,36727,1072.9047619047622,92159,465.6190476190476,42401,764,91395,2.4884962017044683
80,18495.0,18099.0,7482.0,7295.0,2,53053,43418.78875578619,42500.78875578619,18318.938653433437,17129.428088271725,918.0,0.053730653821559726,0.014502436121975852,1453,61517.78875578619,60064.78875578619,25613.938653433437,24237.684982639137,2.4781570021563173,,,,,,,14715,14233,80,Puyallup,31156,2405,0,31156,28751,45389,,,,,,,338.48842354130534,26269,861.8571428571429,66689,677.7619047619048,49456,1488,65201,2.482051086832388
81,13892.0,13178.0,5620.0,5232.0,2,53053,35473.576457840565,35210.576457840565,14776.319145074258,14249.156441579813,263.0,0.053730653821559726,0.004154837363921186,416,48651.576457840565,48235.576457840565,20008.31914507426,18933.25907553899,2.5476636782601783,,,,,,,2943,2410,81,University Place,7784,501,0,7784,7283,10194,,,,,,,223.05250637900843,20272,627.5238095238095,52417,114.76190476190476,10883,426,51991,2.5646704814522496
82,5184.0,5155.0,2096.0,2086.0,3,53053,10109.434736061203,10109.434736061203,3777.670435648706,3636.8216514031524,0.0,0.04173843430245194,0.0,0,15264.434736061203,15264.434736061203,5863.670435648706,5618.9300123991525,2.716608803166716,,,,,,,1177,0,82,DuPont,6500,95,0,6500,6405,6500,,,,,,,94.38611242838095,6185,245.47619047619048,16737,0.0,6500,0,16737,2.7060630557801133
83,4402.0,4283.0,1784.0,1719.0,3,53053,11148.818303410453,11139.818303410453,4398.996523952898,4171.484138130589,9.0,0.04173843430245194,0.0001421807462938809,14,15431.818303410453,15417.818303410453,6117.996523952898,5862.640927975261,2.6298418226229656,,,,,,,5077,5077,83,Fife,16556,1796,0,16556,14760,21633,,,,,,,80.53127570688915,6346,203.95238095238096,16656,241.76190476190476,23084,15,16641,2.622281752284904
84,1910.0,1831.0,769.0,730.0,3,53053,7234.99999165535,7218.99999165535,2964.9999925494194,2867.0670218467712,15.999999999999996,0.04173843430245194,0.0002527657711891215,25,9065.99999165535,9040.99999165535,3694.9999925494194,3540.776478112835,2.55339472783496,,,,,,,113,52,84,Fircrest,1620,87,0,1620,1533,1672,,,,,,,32.081402679336364,3733,87.19047619047619,9589,2.4761904761904763,1687,26,9563,2.5617465845164746
85,39205.0,35233.0,17833.0,16052.0,3,53053,165687.14586430418,164425.14586430418,60142.16999328673,57660.10855799033,1262.0,0.04173843430245194,0.019936900202541966,1998,200920.14586430418,198922.14586430418,76194.16999328672,73013.94463479206,2.7244404731081366,,,,,,,10445,8353,85,"Mid-County, Parkland-Spanaway-Midland, South Hill",34627,4405,0,34627,30222,42980,,,,,,,731.1350512762729,77401,1677.7619047619048,210987,397.76190476190476,45367,2045,208942,2.6994741670004263
86,4904.0,4725.0,1985.0,1910.0,3,53053,10797.535653345725,10681.535653345725,4565.999992609024,4348.502132785561,116.0,0.04173843430245194,0.0018325518411211317,184,15522.535653345725,15338.535653345725,6475.999992609024,6205.701892374833,2.471684254152255,,,,,,,5313,4284,86,Sumner,18890,2720,0,18890,16170,23174,,,,,,,88.43808378996532,6736,225.0,16873,204.0,24398,188,16685,2.4769893111638956
87,3591.0,2091.0,1450.0,795.0,4,53053,23257.438870954513,23231.438870954513,8260.401802027225,7946.65703204833,25.99999999999999,0.061188769642890994,0.0004107443781823224,41,25348.438870954513,25307.438870954513,9055.401802027225,8501.312907139161,2.9768859407235846,,,,,,,1717,1339,87,Bonney Lake,6842,360,0,6842,6482,8181,,,,,,,26.412184528134837,8660,99.57142857142857,25946,63.76190476190476,8564,42,25904,2.9912240184757506
88,3121.0,2648.0,1260.0,1057.0,4,53053,5416.814290901025,5340.814290901025,2158.916233072678,2022.039259115855,76.0,0.061188769642890994,0.0012006374131483277,120,8064.814290901025,7944.814290901025,3215.916233072678,3019.13827549636,2.6314840745725236,,,,,,,1080,1080,88,Buckley,2342,395,0,2342,1947,3422,,,,,,,47.48090554192882,3304,126.0952380952381,8821,51.42857142857143,3731,123,8698,2.6325665859564165
89,64.0,53.0,22.0,18.0,4,53053,744.9999990463257,744.9999990463257,248.0000004768372,238.5390027575195,0.0,0.061188769642890994,0.0,0,797.9999990463257,797.9999990463257,266.00000047683716,249.72378772265108,3.1955305752954644,,,,,,,6,0,89,Carbonado,72,20,0,72,52,72,,,,,,,0.5326088078634081,253,2.5238095238095237,813,0.0,72,0,813,3.2134387351778657
90,794.0,739.0,323.0,299.0,4,53053,2900.000007390976,2900.000007390976,1150.9999826550484,1074.275999367237,0.0,0.061188769642890994,0.0,0,3639.000007390976,3639.000007390976,1449.9999826550484,1361.2762677341727,2.673226657692377,,,,,,,152,144,90,Eatonville,914,26,0,914,888,1058,,,,,,,13.666679446044554,1443,35.19047619047619,3850,6.857142857142857,1099,0,3850,2.668052668052668
91,5931.0,4668.0,2397.0,1740.0,4,53053,13585.166115109514,13514.166115109514,5778.909771251969,5211.60873541672,71.0,0.061188769642890994,0.0011216481096517272,112,18253.166115109514,18141.166115109514,7518.909771251969,7058.83693329315,2.569993652856086,,,,,,,1962,1942,91,Edgewood,2090,667,0,2090,1423,4032,,,,,,,87.96324751792521,7587,222.28571428571428,19587,92.47619047619048,4587,115,19472,2.5664953209437193
92,2200.0,1187.0,892.0,410.0,4,53053,13042.015276408196,12668.015276408196,6123.850788700581,5567.936398386955,374.0,0.061188769642890994,0.005908399901545717,592,14229.015276408196,13637.015276408196,6533.850788700581,6134.052497909759,2.223165726256035,,,,,,,2747,2747,92,Gig Harbor,12818,567,0,12818,12251,15565,,,,,,,26.957909501085894,6296,56.523809523809526,14568,130.8095238095238,16350,606,13962,2.2175984752223634
93,600.0,577.0,245.0,236.0,4,53053,7075.455039763225,7051.455039763225,2970.7432933699856,2867.205429375467,24.0,0.061188769642890994,0.0003791486567836824,38,7652.455039763225,7614.455039763225,3206.7432933699856,3010.526616688084,2.529276770899298,,,,,,,441,441,93,Milton,2248,481,0,2248,1767,2689,,,,,,,6.824818443457952,3051,27.476190476190474,7817,21.0,2815,39,7778,2.549328089151098
94,549.0,480.0,223.0,188.0,4,53053,9018.816836011822,8915.816836011822,3002.899541850748,2915.6340917369416,103.0,0.061188769642890994,0.0016271796520299702,163,9498.816836011822,9335.816836011822,3190.899541850748,2995.6523248308363,3.1164553905764123,,,,,,,196,146,94,Orting,1610,168,0,1610,1442,1756,,,,,,,3.8103920520902212,3019,22.857142857142858,9636,6.9523809523809526,1798,167,9469,3.13646902947996
95,0.0,0.0,0.0,0.0,4,53053,39.40063604772555,39.40063604772555,18.71531007751937,18.71531007751937,0.0,0.061188769642890994,0.0,0,39.40063604772555,39.40063604772555,18.71531007751937,17.57014328039076,2.2424766502444413,,,,,,,638,417,95,Pacific,2207,754,0,2207,1453,2624,,,,,,,0.0,19,0.0,39,19.857142857142858,2743,0,39,2.0526315789473686
96,253.0,253.0,100.0,100.0,4,53053,808.2962240305815,808.2962240305815,311.41727360812104,288.6767210960389,0.0,0.061188769642890994,0.0,0,1061.2962240305815,1061.2962240305815,411.41727360812104,386.24315682620744,2.7477411710057,,,,,,,92,92,96,Roy,168,60,0,168,108,260,,,,,,,4.646020749055646,414,12.047619047619047,1134,4.380952380952381,286,0,1134,2.739130434782609
97,453.0,443.0,178.0,174.0,4,53053,1064.9999976158142,1064.9999976158142,521.0,487.00000393390656,0.0,0.061188769642890994,0.0,0,1507.9999976158142,1507.9999976158142,695.0,652.4738050981907,2.3112038917621764,,,,,,,71,0,97,Ruston,674,49,0,674,625,674,,,,,,,7.879704817346865,700,21.095238095238095,1635,0.0,674,0,1635,2.335714285714286
98,39.0,0.0,11.0,0.0,4,53053,640.9989972114563,640.9989972114563,260.0,256.6430027484894,0.0,0.061188769642890994,0.0,0,640.9989972114563,640.9989972114563,260.0,244.09091989284835,2.62606653902916,,,,,,,10,0,98,South Prairie,97,30,0,97,67,97,,,,,,,0.0,257,0.0,641,0.0,97,0,641,2.4941634241245136
99,464.0,368.0,190.0,146.0,4,53053,6905.79345536232,6891.79345536232,2994.373209748949,2836.097939695631,14.000000000000004,0.061188769642890994,0.00022117004979048147,22,7273.79345536232,7251.79345536232,3140.373209748949,2948.2176368249147,2.459721210803197,,,,,,,10,0,99,Steilacoom,1001,81,0,1001,920,1001,,,,,,,5.339033196632564,2980,17.523809523809526,7379,0.0,1001,23,7356,2.468456375838926
100,187.0,187.0,78.0,78.0,4,53053,489.0115075111389,477.0115075111389,179.01099967956546,169.06150150299072,12.0,0.061188769642890994,0.0001895743283918412,19,676.0115075111389,657.0115075111389,257.01099967956543,241.28481282448337,2.7229708319398687,,,,,,,11,11,100,Wilkeson,78,4,0,78,74,89,,,,,,,3.4392053010234593,262,8.904761904761905,729,0.5238095238095238,92,19,710,2.7099236641221376
107,32066.0,24528.0,10870.0,7598.0,5,53053,82402.81745722728,81293.34120646422,28795.733172908243,27475.460615775806,1109.4762507630744,0.0458495899098893,0.017527351258758987,1756,106930.81745722728,105174.81745722728,36393.73317290824,34725.09543164047,3.028784115633996,,,,,,,8850,8546,512,Pierce UGAJBLM - UGA,24840,1788,30459,55299,23052,33386,,,,,,,345.2207055173648,36796,1168.0,113939,406.95238095238096,35828,1798,112141,3.0476410479399934
124,7944.0,3153.0,3345.0,1417.0,6,53053,174794.98547094938,174011.7478321658,68842.6426414956,63523.293973960484,783.2376387835692,0.07726822305814296,0.01237347911196722,1240,177947.98547094938,176707.98547094938,70259.6426414956,64830.8049018871,2.725679339295165,,,,,,,2950,1670,830,Pierce RuralPierce Rural Ag & ResourceJBLM - Rural,25797,6574,1394,27191,19223,27467,,,,,,,62.26242513936276,65204,150.14285714285714,178849,79.52380952380952,27944,1269,177580,2.7234525489233787
125,68547.0,65505.0,38557.0,36874.0,1,53061,112544.65439376804,110431.64388132503,48487.29933063332,45929.21341994163,2113.0105124430165,0.052757855067327775,0.03338104573177376,3345,178049.65439376805,174704.65439376805,85361.29933063332,80857.82027218898,2.1606401682071765,,,,,,,67340,67340,529,EverettNaval Station Everett,93032,4457,3311,96343,88575,161402,0.04790824662481727,3226.141327715195,171820.0,4810.96,1029.8808478023059,68369.88084780231,1663.2669929641595,90837,3119.285714285715,196765,3255.714285714286,180936,3424,193341,2.128438852009644
126,13150.0,12150.0,6982.0,6540.0,2,53061,20202.48451797664,19983.48451797664,7897.392175227404,7537.111814755946,219.0,0.0633490673038476,0.0034597314931511017,347,32352.48451797664,32005.48451797664,14437.392175227404,13522.79684662688,2.3667799554320803,,,,,,,8705,7166,126,Bothell,16582,590,0,16582,15992,23847,0.035580750211072244,309.73043058738386,171820.0,4810.96,98.87522152336047,7264.875221523361,285.0326205652825,15233,578.5714285714286,35824,345.95238095238096,25923,355,35469,2.3284316943477976
127,25167.0,23048.0,14051.0,12915.0,2,53061,40680.91685078311,39913.91685078311,17347.17008145172,16108.230968468642,767.0,0.0633490673038476,0.012116959156378516,1214,63728.91685078311,62514.91685078311,30262.17008145172,28345.089832201353,2.2054936929415985,,,,,,,21912,21912,127,Lynnwood,29676,1768,0,29676,27908,52005,0.05957676236689581,1305.446016983421,171820.0,4810.96,416.73743155052443,22328.737431550526,582.7075649396529,31841,1097.5238095238096,70314,1063.2857142857142,58385,1243,69071,2.169247197010144
128,14781.0,12968.0,7794.0,6858.0,3,53061,21681.38782942295,21584.38782942295,8687.000001013279,8201.918028831482,97.0,0.04111437310559418,0.0015323924878340497,154,34649.38782942295,34495.38782942295,15545.000001013279,14905.877071045157,2.3142138946275526,,,,,,,14423,13446,128,Arlington,12921,1903,0,12921,11018,27045,0.14727962232025385,2124.2139927250214,171820.0,4810.96,678.1126694441875,14124.112669444188,319.2361448673179,16821,617.5238095238095,38355,672.5714285714286,31080,157,38198,2.2708519113013494
129,10927.0,9943.0,5393.0,5016.0,3,53061,35010.42065225118,34837.32027615164,12510.316943091946,12064.315569474196,173.10037609954722,0.04111437310559418,0.0027346156286205655,274,44953.42065225118,44679.42065225118,17526.316943091944,16805.733409126766,2.658582018681013,,,,,,,542,221,129,Bothell MUGA,3043,359,0,3043,2684,3284,0.11797568189286887,63.94281958593493,171820.0,4810.96,20.412461376163904,241.4124613761639,225.7818018882176,18160,473.4761904761905,47794,11.476190476190476,3353,280,47514,2.616409691629956
130,13113.0,12597.0,9068.0,8774.0,3,53061,43121.62753230739,42638.62753230739,19441.532896475393,18555.145410170982,483.0,0.04111437310559418,0.007630366717771608,765,55718.62753230739,54953.62753230739,28215.532896475393,27055.46894959654,2.031146739118964,,,,,,,3058,2562,130,Edmonds,15980,933,0,15980,15047,18599,0.058385481852315395,178.5428035043805,171820.0,4810.96,56.996205424241936,2618.996205424242,404.777311401217,29484,599.8571428571429,59318,124.71428571428571,19347,783,58535,1.985314068647402
131,908.0,753.0,534.0,494.0,3,53061,4161.934976577759,4119.934976577759,1647.4430189132688,1599.918992290273,42.0,0.04111437310559418,0.0006635101493714442,66,4914.934976577759,4848.934976577759,2141.443018913269,2053.398931649299,2.3614188659789908,,,,,,,106,106,131,Edmonds MUGA,269,38,0,269,231,380,0.1412639405204461,14.973977695167287,171820.0,4810.96,4.780141747414827,110.78014174741483,21.594282826620276,2183,35.857142857142854,5130,5.285714285714286,412,68,5062,2.3188273018781493
132,17136.0,16445.0,8856.0,8557.0,3,53061,48304.859725323906,48055.68519684207,18114.05615868969,17337.989361769374,249.17452848183436,0.04111437310559418,0.003936424490774788,394,64749.859725323906,64355.859725323906,26671.05615868969,25574.49240466107,2.5164080954973227,,,,,,,1905,1905,132,Everett MUGA,7093,898,0,7093,6195,9075,0.12660369378260256,241.18003665585786,171820.0,4810.96,76.99188454339586,1981.9918845433958,392.2144306138902,27928,783.0952380952381,69448,94.38095238095238,9641,404,69044,2.472214265253509
133,5540.0,5243.0,2797.0,2675.0,3,53061,5344.19051156205,5305.19051156205,1903.317845920012,1856.879152903833,39.0,0.04111437310559418,0.0006161165672734839,62,10587.19051156205,10525.19051156205,4578.317845920012,4390.083177806856,2.397492276403769,,,,,,,491,60,133,Larch Way Overlap,2175,137,0,2175,2038,2245,0.06298850574712643,30.927356321839078,171820.0,4810.96,9.87293757883117,69.87293757883117,120.62876309062014,5114,249.66666666666666,12085,3.3333333333333335,2265,63,12022,2.350801720766523
135,19783.0,18565.0,10560.0,9959.0,3,53061,36819.379478776675,36670.379478776675,14977.752824478965,14355.074261266638,149.00000000000003,0.04111437310559418,0.0023538812441986955,236,55384.379478776675,55148.379478776675,24936.752824478965,23911.493864811357,2.3063544164396252,,,,,,,2942,2942,135,Lynnwood MUGA,5242,855,0,5242,4387,8337,0.1631056848531095,479.85692483784817,171820.0,4810.96,153.18468919209053,3095.1846891920904,455.0676001687961,26642,884.047619047619,60689,147.38095238095238,9221,241,60448,2.268898731326477
136,29108.0,26042.0,14253.0,13053.0,3,53061,73779.434953022,73288.434953022,26922.80045161247,25932.66479103565,491.0,0.04111437310559418,0.007756749603366169,777,99821.434953022,99044.434953022,39975.80045161247,38332.220476650094,2.5838428799958115,,,,,,,17616,17616,136,Marysville,16832,2005,0,16832,14827,35118,0.11911834600760456,2098.388783269962,171820.0,4810.96,669.8684898170399,18285.86848981704,590.4550326483068,41875,1240.095238095238,107262,870.7619047619048,40343,796,106466,2.5424716417910447
138,3887.0,3392.0,2617.0,2352.0,3,53061,21420.69970880855,21350.69970880855,9332.909060033884,8951.52760172974,70.0,0.04111437310559418,0.001105850248952407,111,24812.69970880855,24701.69970880855,11684.909060033884,11204.491349234713,2.204624818644331,,,,,,,736,736,138,Mill Creek,6991,552,0,6991,6439,7746,0.07895866113574596,58.11357459590902,171820.0,4810.96,18.551591946545038,754.551591946545,107.28398797642728,11848,161.52380952380952,25782,35.95238095238095,7962,113,25669,2.166525995948683
139,13377.0,11993.0,7477.0,6951.0,3,53061,53175.177136919505,53056.177136919505,18414.504256341326,17861.687335912688,119.00000000000003,0.04111437310559418,0.0018799454232190924,188,65168.177136919505,64980.177136919505,25365.504256341326,24322.617450334572,2.6715947520699777,,,,,,,1599,852,139,Mill Creek MUGA,7832,1046,0,7832,6786,8752,0.13355464759959143,213.5538815117467,171820.0,4810.96,68.17278916251087,920.1727891625109,307.66333878199447,26169,571.0952380952381,68595,43.80952380952381,9015,193,68402,2.6138560892659255
140,13424.0,10901.0,7683.0,6087.0,3,53061,23803.031923498427,23566.031923498427,10795.217832888875,10080.810979511056,237.0,0.04111437310559418,0.003744092985738864,375,34704.03192349843,34329.03192349843,16882.217832888877,16188.116030057568,2.120631694247644,,,,,,,2717,2665,140,Mountlake Terrace,9209,790,0,9209,8419,11948,0.08578564447822783,233.079596047345,171820.0,4810.96,74.40598151125073,2739.4059815112505,290.8240500260244,17933,519.0952380952381,37819,130.42857142857142,12731,384,37435,2.0874923325712373
141,3078.0,3026.0,2146.0,2118.0,3,53061,21461.14636838985,21329.14636838985,8687.655795075112,8361.68145600473,132.0,0.04111437310559418,0.002085317612310253,209,24487.14636838985,24278.14636838985,10805.655795075112,10361.388031065768,2.34313648862474,,,,,,,2358,2358,141,Mukilteo,9997,1687,0,9997,8310,12482,0.16875062518755626,397.9139741922577,171820.0,4810.96,127.0260473628218,2485.026047362822,95.2241226219542,10933,144.0952380952381,25352,118.33333333333333,13192,214,25138,2.2992774169944203
142,8178.0,7478.0,4243.0,3936.0,3,53061,16354.62372203119,16291.62372203119,5810.685518843318,5620.542144720604,63.00000000000001,0.04111437310559418,0.0009952652240571664,100,23832.62372203119,23732.62372203119,9746.685518843318,9345.956653878702,2.5393466502096196,,,,,,,2888,2888,142,Mukilteo MUGA,4865,1292,0,4865,3573,7998,0.2655704008221994,766.9673175745119,171820.0,4810.96,244.83891777292592,3132.838917772926,177.4006909122904,10410,356.095238095238,25969,149.1904761904762,8893,102,25867,2.4848222862632086
143,540.0,490.0,539.0,517.0,4,53061,6609.999934196472,6598.999934196472,2434.9999990463257,2387.8679962158203,11.000000000000005,0.040568131446640954,0.00017377646769252118,17,7099.999934196472,7082.999934196472,2951.9999990463257,2832.2428750545305,2.5008448239313164,,,,,,,114,55,143,Brier,684,113,0,684,571,745,0.1652046783625731,18.833333333333332,171820.0,4810.96,6.012163550817961,61.01216355081796,21.160708516129056,2959,23.333333333333332,7240,2.9047619047619047,762,18,7222,2.4406894221020616
144,308.0,265.0,154.0,136.0,4,53061,1491.874257008823,1487.0954143991657,660.2810931984116,617.6796683996332,4.7788426096572065,0.040568131446640954,7.549548985133989e-05,8,1756.874257008823,1748.874257008823,796.2810931984116,763.9774571410634,2.2891699757129156,,,,,,,493,493,144,Darrington,505,34,0,505,471,1009,0.06732673267326733,33.19207920792079,171820.0,4810.96,10.595904891489775,503.5959048914898,6.966561368639532,806,12.619047619047619,1833,24.0,1153,8,1825,2.264267990074442
145,247.0,247.0,167.0,167.0,4,53061,2304.4402337670326,2304.4402337670326,852.8124940991402,772.2200043052435,0.0,0.040568131446640954,0.0,0,2551.4402337670326,2551.4402337670326,1019.8124940991402,978.4406067875994,2.6076597966879977,,,,,,,591,591,145,Gold Bar,259,36,0,259,223,876,0.138996138996139,82.14671814671814,171820.0,4810.96,26.22369051297426,617.2236905129743,9.820028689635999,1037,11.761904761904763,2622,29.38095238095238,1052,0,2622,2.528447444551591
146,2101.0,1789.0,987.0,873.0,4,53061,4762.049036741257,4703.049036741257,1708.040995836258,1629.3470031619072,59.0,0.040568131446640954,0.0009320737812598859,93,6551.049036741257,6458.049036741257,2581.040995836258,2476.3329854480035,2.6079081749875836,,,,,,,1155,1136,146,Granite Falls,1092,62,0,1092,1030,2249,0.056776556776556776,65.57692307692308,171820.0,4810.96,20.934116107851516,1156.9341161078514,40.332665823147444,2718,85.19047619047619,7062,55.095238095238095,2580,96,6966,2.562913907284768
147,18.0,18.0,10.0,10.0,4,53061,155.0,155.0,100.0,72.00000119209288,0.0,0.040568131446640954,0.0,0,173.0,173.0,110.0,105.53750554086949,1.6392276765818157,,,,,,,3,3,147,Index,28,2,0,28,26,31,0.07142857142857142,0.21428571428571427,171820.0,4810.96,0.06840641208263167,3.0684064120826315,1.59702401660841,115,0.8571428571428571,178,0.14285714285714285,32,0,178,1.5478260869565217
148,9614.0,7438.0,4915.0,3909.0,4,53061,40830.00640789068,40735.00640789068,14398.013753784902,14032.744973285111,94.99999999999999,0.040568131446640954,0.0015007967664354093,150,48268.00640789068,48118.00640789068,18307.0137537849,17564.33241342589,2.7395294779954207,,,,,,,3219,2475,148,Lake Stevens,7660,1203,0,7660,6457,10296,0.15704960835509138,505.54268929503917,171820.0,4810.96,161.3843538032986,2636.384353803299,168.17083048289427,18573,354.1904761904762,50393,125.52380952380952,11049,154,50239,2.7049480428579122
149,4603.0,4458.0,2216.0,1668.0,4,53061,19840.480395555496,18351.480395555496,6774.715014066015,6459.406290088381,1489.0,0.040568131446640954,0.023523014581287627,2357,24298.480395555496,21941.480395555496,8442.715014066016,8100.209841608857,2.7087545661900405,,,,,,,2324,2324,149,Monroe,10681,1170,0,10681,9511,13086,0.10954030521486752,254.5716693193521,171820.0,4810.96,81.26689440810753,2405.2668944081074,78.13350245335599,8569,212.28571428571428,25572,114.52380952380952,13773,2413,23159,2.702649083907107
150,2752.0,2548.0,1546.0,1372.0,4,53061,10325.970721790665,10210.970723578805,4519.002714771973,4326.460950773013,114.99999821186066,0.040568131446640954,0.0018167539521730352,182,12873.970721790665,12691.970721790665,5891.002714771973,5652.015742286585,2.245565352345602,,,,,,,1824,1435,150,Snohomish,6970,731,0,6970,6239,8466,0.1048780487804878,191.29756097560974,171820.0,4810.96,61.067905670332955,1496.067905670333,63.12165673874153,6031,121.33333333333333,13602,71.23809523809524,8893,186,13416,2.2245067153042615
151,3258.0,2386.0,1630.0,1245.0,4,53061,8572.408981220346,8328.408981220346,3361.0479696353277,3131.5583990097048,244.0,0.040568131446640954,0.0038546780106341045,386,10958.408981220346,10572.408981220346,4606.047969635328,4419.189210153628,2.392386584608992,,,,,,,1208,1208,151,Stanwood,3845,125,0,3845,3720,5066,0.032509752925877766,39.271781534460345,171820.0,4810.96,12.536727797371773,1220.5367277973717,61.31575291161538,4787,113.61904761904762,11640,58.142857142857146,5415,395,11245,2.3490703989972843
152,3526.0,1959.0,1425.0,868.0,4,53061,6729.9999969005585,6729.9999969005585,2446.9980123639107,2315.4349716305733,0.0,0.040568131446640954,0.0,0,8688.999996900558,8688.999996900558,3314.9980123639107,3180.514737252978,2.7319477237842573,,,,,,,1329,1076,152,Sultan,1384,144,0,1384,1240,2504,0.10404624277456648,138.27745664739885,171820.0,4810.96,44.14230184541427,1120.1423018454143,41.194274553447855,3428,93.28571428571429,9249,53.333333333333336,2824,0,9249,2.6980746791131853
153,162.0,140.0,98.0,89.0,4,53061,1379.6593521886562,1379.6593521886562,500.6840237248514,480.1612600987602,0.0,0.040568131446640954,0.0,0,1519.6593521886562,1519.6593521886562,589.6840237248514,565.7616447383974,2.6860416684685857,,,,,,,12,0,153,Woodway,176,16,0,176,160,176,0.09090909090909091,1.0909090909090908,171820.0,4810.96,0.3482508251479431,0.3482508251479431,4.076208792363678,590,6.666666666666667,1560,0.0,176,0,1560,2.6440677966101696
155,307.0,307.0,119.0,119.0,5,53061,523.2499990463257,523.2499990463257,176.4619970321655,165.71100229024887,0.0,0.03752895006959456,0.0,0,830.2499990463257,830.2499990463257,295.4619970321655,284.3736184980827,2.9195746195842123,,,,,,,39,39,155,Arlington UGA,27,14,0,27,13,72,0.5185185185185185,20.22222222222222,171820.0,4810.96,6.45553844394613,45.45553844394613,5.650600771801611,318,14.619047619047619,918,2.142857142857143,85,0,918,2.8867924528301887
156,150.0,46.0,139.0,102.0,5,53061,1928.9409044987067,1905.041280598254,676.6008400143804,661.6047403925174,23.899623900452763,0.03752895006959456,0.00037756292914549407,38,1974.9409044987067,1936.9409044987067,778.6008400143804,749.3807679653363,2.5847219294908603,,,,,,,81,17,156,Brier MUGA,247,46,0,247,201,269,0.1862348178137652,15.08502024291498,171820.0,4810.96,4.815589851387854,21.815589851387855,4.179810836800899,774,2.1904761904761907,1988,1.0476190476190477,275,39,1949,2.5180878552971575
157,111.0,111.0,44.0,44.0,5,53061,102.11399984359741,102.11399984359741,37.99200105667114,34.93000066280365,0.0,0.03752895006959456,0.0,0,213.1139998435974,213.1139998435974,81.99200105667114,78.91492734290918,2.7005537104222723,,,,,,,76,74,157,Darrington UGA,2,0,0,2,2,76,0.0,0.0,171820.0,4810.96,0.0,74.0,2.094520318100263,91,5.285714285714286,245,3.5238095238095237,97,0,245,2.6923076923076925
158,38.0,11.0,38.0,28.0,5,53061,835.092993736267,835.092993736267,356.0319986343384,332.38499307632446,0.0,0.03752895006959456,0.0,0,846.092993736267,846.092993736267,384.0319986343384,369.61968093246367,2.289090752964704,,,,,,,14,14,158,Gold Bar UGA,20,15,0,20,5,37,0.75,10.5,171820.0,4810.96,3.351914192048952,17.35191419204895,1.7730803741018668,380,0.5238095238095238,849,0.8095238095238095,42,0,849,2.2342105263157896
159,187.0,182.0,87.0,85.0,5,53061,152.34500122070312,152.34500122070312,57.93099963665009,57.71299946308135,0.0,0.03752895006959456,0.0,0,334.3450012207031,334.3450012207031,142.93099963665009,137.566949287889,2.4304166295133354,,,,,,,3,3,159,Granite Falls UGA,1,0,0,1,1,4,0.0,0.0,171820.0,4810.96,0.0,3.0,3.8025690392765545,160,8.666666666666666,386,0.14285714285714285,5,0,386,2.4125
161,315.0,203.0,216.0,175.0,5,53061,2311.447269231257,2311.447269231257,743.4481963515282,718.3716132505886,0.0,0.03752895006959456,0.0,0,2514.447269231257,2514.447269231257,918.4481963515282,883.9797998491425,2.8444623617647884,,,,,,,65,43,161,Lake Stevens UGA,138,65,0,138,73,191,0.47101449275362317,30.615942028985508,171820.0,4810.96,9.773524818086145,52.773524818086145,7.886104123740665,931,9.666666666666666,2572,2.5238095238095237,206,0,2572,2.7626208378088077
162,3800.0,2520.0,1787.0,1256.0,5,53061,12264.172079324722,12250.172079324722,4577.278997838497,4315.515027523041,14.000000000000002,0.03752895006959456,0.00022117004979048141,22,14784.172079324722,14762.172079324722,5833.278997838497,5614.362161586601,2.629358715105222,,,,,,,707,612,162,Lake Stickney Gap,1156,156,0,1156,1000,1798,0.13494809688581316,95.4083044982699,171820.0,4810.96,30.457185703531312,642.4571857035313,61.84986352683622,5985,120.0,15504,30.571428571428573,1981,23,15481,2.5866332497911446
163,426.0,426.0,175.0,175.0,5,53061,153.1310019493103,153.1310019493103,58.966001987457275,56.849000334739685,0.0,0.03752895006959456,0.0,0,579.1310019493103,579.1310019493103,233.96600198745728,225.18550358088734,2.571795221006687,,,,,,,1006,1006,163,Maltby UGA,4610,1594,0,4610,3016,5727,0.3457700650759219,347.8446854663774,171820.0,4810.96,111.04243217557661,1117.0424321755766,8.016023964102269,273,20.285714285714285,701,53.19047619047619,6046,0,701,2.567765567765568
164,1.0,1.0,3.0,3.0,5,53061,189.04899978637695,189.04899978637695,58.97499847412109,54.86800003051758,0.0,0.03752895006959456,0.0,0,190.04899978637695,190.04899978637695,61.97499847412109,59.649141850822595,3.1861145674429525,,,,,,,93,36,164,Marysville UGA,722,0,0,722,722,758,0.0,0.0,171820.0,4810.96,0.0,36.0,0.2276734200145246,61,0.047619047619047616,190,1.7142857142857142,768,0,190,3.1147540983606556
166,407.0,0.0,207.0,16.0,5,53061,2070.5239849090576,2070.5239849090576,746.7379951477051,715.2109894752502,0.0,0.03752895006959456,0.0,0,2070.5239849090576,2070.5239849090576,762.7379951477051,734.1132390116242,2.820442235446829,,,,,,,77,0,166,Monroe UGA,297,34,0,297,263,300,0.11447811447811448,8.814814814814815,171820.0,4810.96,2.8139526550534413,2.8139526550534413,0.9001071207797102,740,0.0,2071,0.14285714285714285,301,0,2071,2.7986486486486486
167,7.0,7.0,4.0,4.0,5,53061,23.35996225815785,23.35996225815785,8.991113966024376,8.922620428513879,0.0,0.03752895006959456,0.0,0,30.35996225815785,30.35996225815785,12.991113966024376,12.503571098645034,2.4281033009399886,,,,,,,0,0,167,Mountlake Terrace MUGA,1,0,0,1,1,1,0.0,0.0,171820.0,4810.96,0.0,0.0,0.17052146048243597,14,0.3333333333333333,32,0.0,1,0,32,2.2857142857142856
168,0.0,0.0,-1.0,0.0,5,53061,49.76599884033203,49.76599884033203,1.998000025749205,0.995999991893767,0.0,0.03752895006959456,0.0,0,49.76599884033203,49.76599884033203,1.998000025749205,1.9230171825438145,25.87912333393732,,,,,,,1584,1584,168,Paine Field Area,5498,25,0,5498,5473,7084,0.004547108039287013,7.202619134230629,171820.0,4810.96,2.299291551995332,1586.2992915519953,0.044143675745240356,2,0.0,50,75.52380952380952,7537,0,50,25.0
169,4193.0,3910.0,2178.0,2051.0,5,53061,16123.429753998347,16115.429753998347,5400.512794457163,5301.05310787814,7.999999999999999,0.03752895006959456,0.0001263828855945608,13,20033.429753998345,20020.429753998345,7451.512794457163,7171.865342851035,2.7915233759868134,,,,,,,1434,1014,169,Silver Firs Gap,2582,267,0,2582,2315,3643,0.10340821068938807,148.2873741285825,171820.0,4810.96,47.33776703269223,1061.3377670326922,89.08629690347122,7706,186.1904761904761,21151,50.523809523809526,3946,13,21138,2.743057357902933
170,405.0,402.0,203.0,202.0,5,53061,1393.0352662111584,1391.0352662111584,519.7902936151154,493.3640288898819,2.0,0.03752895006959456,3.15957213986402e-05,3,1795.0352662111584,1792.0352662111584,721.7902936151154,694.7022617253157,2.5795730990720838,,,,,,,37,0,170,Snohomish UGA,420,90,0,420,330,423,0.21428571428571427,7.928571428571428,171820.0,4810.96,2.531037247057372,2.531037247057372,9.587534896925417,752,19.142857142857142,1910,0.14285714285714285,424,3,1907,2.535904255319149
172,290.0,290.0,138.0,138.0,5,53061,142.0279998779297,132.0279998779297,53.95400094985962,51.87500011920929,10.0,0.03752895006959456,0.000157978606993201,16,432.0279998779297,416.0279998779297,191.95400094985962,184.75016883255344,2.2518409726325754,,,,,,,534,487,172,Stanwood UGA,257,9,0,257,248,750,0.03501945525291829,18.700389105058367,171820.0,4810.96,5.969723775055499,492.9697237750555,6.327388986349722,223,13.80952380952381,515,23.476190476190474,891,16,499,2.2376681614349776
174,149.0,149.0,73.0,73.0,5,53061,38.07599925994873,38.07599925994873,15.997000217437744,15.969999790191652,0.0,0.03752895006959456,0.0,0,187.07599925994873,187.07599925994873,88.99700021743774,85.65703623993383,2.184012049353778,,,,,,,1,1,174,Sultan UGA,3,3,0,3,0,4,1.0,1.0,171820.0,4810.96,0.31922992305228115,1.3192299230522813,3.31843030713058,106,7.095238095238095,230,0.047619047619047616,4,0,230,2.169811320754717
175,271.0,271.0,140.0,140.0,5,53061,0.0,0.0,0.0,0.0,0.0,0.03752895006959456,0.0,0,271.0,271.0,140.0,134.74594699025675,2.011192218045679,,,,,,,32,32,175,Woodway MUGA,0,0,0,0,0,32,0.0,0.0,171820.0,4810.96,0.0,32.0,6.416473666202703,173,12.904761904761905,348,1.5238095238095237,41,0,348,2.0115606936416186
176,10063.0,6850.0,5195.0,4014.0,6,53061,136718.83568798436,136382.7315974283,52939.05172622865,48628.18395666315,336.1040905560681,0.08143077046145275,0.005309725603076432,532,143568.83568798436,143036.83568798436,56953.05172622865,52315.32084403088,2.7341289966360725,,,,,,,4427,3151,690,Snohomish RuralTulalip TribeSnohomish Rural Ag & Resource,27445,7972,0,27445,19473,31007,0.2904718527965021,1285.9188923301149,171820.0,4810.96,410.5037890500172,3561.503789050017,175.57794701751084,53369,326.1904761904762,145526,169.61904761904762,32025,545,144981,2.7165770391050983
