Category,Area,2001,2002,2003,2004,2005,2006,2007,2008,2009,2010,2011,2012,2013,2014,2015,2016,2017,2018,2019,2020,2021,2022,2023,2024,2025,2026,2027,2028,2029,2030,2031,2032,2033,2034,2035,2036,2037,2038,2039,2040,2041,2042,2043,2044,2045,2046,2047,2048,2049,2050,2051,2052,2053,2054,2055,2056,2057,2058,2059,2060
"Employment - Forestry, fishing, and hunting",Seattle Region,7469,7941,6981,7063,6905,6604,6410,6525,5853,5772,5502,5746,5697,5697,5694,5307,5118,5163,5075,5057,5030,4891,4807,4817.064,4965.542,5072.509,5068.577,5099.538,5123.343,5144.72,5154.997,5183.093,5221.22,5218.407,5234.405,5242.322,5251.998,5261.351,5263.638,5265.702,5270.214,5275.01,5277.077,5280.428,5284.101,5288.639,5293.376,5297.306,5300.438,5303.148,5307.366,5310.801,5313.18,5318.451,5321.561,5325.664,5329.348,5332.338,5334.994,5336.603
Employment - Mining,Seattle Region,2617,2080,2339,2187,2165,2322,2630,3025,2862,3245,2883,4269,4226,3838,4118,4688,4147,3221,2719,2752,2551,2595,2709,2683.031,2705.263,2711.155,2745.924,2752.072,2765.76,2785.246,2803.188,2825.607,2851.559,2861.895,2877.009,2889.144,2893.988,2893.476,2894.435,2897.22,2900.916,2904.392,2910.238,2915.861,2923.402,2931.694,2940.726,2949.91,2959.057,2969.147,2978.177,2987.342,2998.613,3007.547,3017.808,3027.039,3035.312,3042.181,3047.814,3052.04
Employment - Utilities,Seattle Region,2374,2114,2038,1894,1884,1981,1846,2084,2097,2259,2297,2307,2252,2229,2406,2616,2655,2945,3095,3120,3089,3156,3335,3385.365,3459.528,3457.191,3448.98,3457.24,3472.499,3488.34,3504.339,3517.631,3539.541,3544.392,3556.912,3565.655,3575.228,3583.089,3590.451,3599.306,3610.343,3620.882,3630.571,3641.215,3652.971,3665.647,3678.998,3692.333,3705.974,3720.643,3736.245,3751.321,3767.424,3784.829,3801.467,3818.932,3835.778,3851.693,3866.939,3880.757
Employment - Construction,Seattle Region,131179.003,124922.997,125695,131698,142322.998,155047.001,167712.005,160571.996,130599.996,115569.998,110753,113893,121703.001,129907.998,140059.998,150017.999,156311.996,164193.001,165899.999,161424.994,166440.006,167348.002,165449.997,167887.575,167167.854,169435.553,172035.383,173641.406,177149.463,181223.935,184789.257,188227.414,191394.888,193942.061,196001.729,197751.49,198884.001,199398.309,199936.846,200873.916,202101.551,203343.02,204926.963,206653.26,208687.814,210855.469,213139.081,215446.013,217762.241,220240.363,222587.474,224823.895,227313.962,229536.273,231817.596,233949.964,235869.316,237469.827,238801.218,239839.055
Employment - Manufacturing,Seattle Region,215104.999,194103.997,177084.002,173909.998,180330.998,191613.998,199073,197626,184299.998,177885.001,186504.001,195868.001,200690,200023.999,201662,199611.999,192652.998,192186,197136.001,179213,165805,171971.999,176827.996,175875.588,181450.844,183962.238,184841.473,186057.716,187041.016,188015.044,188553.695,189757.992,190567.987,191230.131,192177.52,193035.446,193855.742,194656.917,195476.637,196325.908,197221.187,198114.792,199022.323,199919.733,200843.076,201774.427,202709.183,203618.573,204500.631,205381.689,206264.753,207143.037,208046.385,208951.88,209845.112,210741.849,211619.64,212467.59,213292.518,214076.306
Employment - Wholesale trade,Seattle Region,90369.001,87349.999,86456.997,87931.997,89485.003,91316.999,94253.001,94818.002,89417.002,87846.002,89333.997,89709.999,91566.999,96798.001,99035.001,95159.997,96622.004,97697.997,95793.999,91185,90559,95119.998,95406.999,95843.667,98112.076,97599.588,98243.263,98531.525,98922.645,99346.575,99724.034,100079.346,100543.659,100477.513,100590.914,100667.779,100737.141,100746.391,100765.417,100817.998,100897.805,100947.122,100994.436,101056.291,101149.21,101262.012,101388.961,101510.677,101637.79,101788.946,101942.779,102082.282,102269.133,102458.427,102640.885,102834.112,103010.033,103158.48,103287.458,103381.888
Employment - Retail trade,Seattle Region,226969.992,221987,222967.996,224194.991,227783.005,230996.003,231105.99,229057.006,218324.002,215333.003,219976.995,225948.004,234401,245470.997,256205.004,266945.002,282024.003,279672.002,284609.998,286248.002,296414.999,249530.992,251404.996,250155.315,254010.499,251372.991,249975.113,250004.031,250474.012,250720.109,250858.815,250592.964,250238.106,249618.293,248814.726,247735.389,246770.056,245689.386,244480.408,243359.633,242382.192,241406.755,240365.33,239411.067,238520.474,237710.488,236940.299,236166.204,235423.902,234729.929,234116.577,233470.46,232866.275,232375.68,231812.402,231298.212,230768.212,230210.523,229635.534,229024.331
Employment - Transportation and warehousing,Seattle Region,71294.001,67850,67599,70321,71877,73763,76165,75004,71279,69589,72829,75506,77073,83931,94338,103125.998,117920,131345,137212,141419,149190.001,167533.998,197604.002,209165.033,212076.709,213185.412,216239.142,219169.004,222415.161,225835.534,229351.303,232822.345,236507.753,239722.171,243200.742,246566.967,249930.491,253199.312,256490.685,259854.247,263309.408,266740.468,270180.895,273659.443,277227.316,280860.654,284556.464,288270.981,292032.613,295891.654,299834.447,303806.381,307923.867,312098.997,316305.25,320577.767,324863.329,329149.63,333443.181,337715.813
Employment - Information,Seattle Region,88132.001,82978.001,82337.002,82982.997,85783.001,89908.002,94533.999,98048.001,96199,95975.001,98263.001,99292.998,100851.002,104631.998,108546.999,115068,121703.998,128623,137112.003,143853,151935.998,160933.995,169680.999,169407.466,174820.687,176571.129,177112.522,179045.233,181227.83,183479.682,185789.947,188110.952,190531.292,192709.569,194435.872,195640.101,196293.409,196362.878,196661.019,196974.529,197303.54,197595.95,197898.031,198189.856,198501.102,198818.716,199137.184,199443.016,199730.894,200032.666,200326.89,200623.781,200980.273,201319.282,201672.157,202038.139,202406.647,202773.134,203139.503,203493.932
Employment - Finance and insurance,Seattle Region,98123,97160.002,99246.001,99316.001,100064.999,101831,105673,107902.999,107724,101142,105416.999,103642.001,105201,103875.001,106222,109285,110522,114280.001,112412.999,119474,128032.001,124343.999,124735.999,124239.563,126434.81,127805.765,128852.468,129886.979,131024.476,132170.524,133293.835,134319.5,135396.834,136350.302,137442.639,138492.494,139550.53,140592.14,141725.842,142929.824,144199.643,145456.649,146730.672,148025.215,149374.532,150750.682,152159.413,153568.871,154985.521,156446.384,157926.211,159411.742,160972.536,162535.487,164118.164,165717.893,167299.952,168847.282,170378.533,171862.469
Employment - Real estate and rental and leasing,Seattle Region,87081.998,87436.001,93243.998,100449.998,108339.002,114129.999,119999.998,118032.003,112786,113427.002,114442.998,112527.002,114597.003,119073.997,122925.998,126560.003,131534.998,135214.998,129123.001,135470.001,146147.997,147714.001,152944.999,154076.631,159159.299,160714.976,161809.551,163599.424,165844.218,168107.92,170348.913,172412.403,174655.329,176356.347,178142.144,179743.118,181382.865,182920.164,184432.122,186039.329,187775.614,189501.493,191218.404,193035.886,194967.996,197003.784,199125.283,201290.134,203512.283,205832.888,208234.999,210650.937,213184.063,215828.527,218486.335,221243.619,224003.417,226734.735,229455.364,232106.793
"Employment - Professional, scientific, and technical services",Seattle Region,163428.996,156032.997,156072.998,161712.002,167174.004,173745.995,188823.008,196400.003,190150.999,192040.996,194719.007,199388.994,205918.999,213192.999,221363.998,228684.995,237947.001,244885.996,246055.995,245959.998,261225,281666.996,281565.001,280240.44,287888.561,292796.763,295812.296,299447.985,303341.278,307423.503,311482.714,315656.903,320451.305,323906.972,327826.84,331462.671,334738.402,337546.556,340446.584,343467.318,346583.597,349649.748,352857.214,356114.901,359489.206,362938.062,366450.908,369992.444,373562.357,377242.103,380941.712,384671.638,388609.913,392538.24,396548.532,400627.185,404730.327,408835.939,412957.339,417056.384
Employment - Management of companies and enterprises,Seattle Region,23770.999,25044.999,26341.999,26823,27826.999,28123.001,28901.999,29570,27375.001,26735.999,27806.001,30291,31955.001,33435.001,35365.001,37324.001,37134.001,38368.999,38444.999,37128,37000.999,93578,39036.001,39011.861,40224.31,40883.567,41367.838,41894.505,42440.059,42981.297,43506.749,44034.671,44591.357,45058.629,45582.566,46090.643,46602.594,47106.583,47609.045,48110.082,48617.606,49120.139,49617.169,50116.097,50617.116,51120.421,51623.449,52122.122,52615.534,53110.671,53609.647,54108.78,54615.426,55128.047,55638.092,56154.419,56672.792,57192.362,57713.376,58232.865
"Employment - Administrative, support, waste management, and remediation services",Seattle Region,108131.002,106099.997,107752.996,115813.997,121251.002,129303,135192.001,130525.004,117935.004,117738.002,120099.997,122991.003,125892.997,128836.002,132211,136589.002,140818.003,143359.998,145647.003,135697.997,142020.995,146845.002,148244.995,148120.738,151592.838,152795.538,153973.995,155811.051,157886.374,159956.602,161988.534,163980.066,166662.534,168011.092,169990.505,171834.583,173702.265,175403.999,177157.069,179020.648,181006.266,182984.465,184975.128,187061.808,189222.891,191455.366,193739.994,196051.136,198401.357,200829.356,203319.96,205804.326,208389.283,211058.843,213719.511,216457.669,219212.085,221972.121,224749.802,227519.674
Employment - Educational services; private,Seattle Region,35819.999,36656,39015,40504.999,40290,42064,42775.999,44595.999,45038.999,46356.002,46774.002,47856.002,49946.001,52096.999,53327.999,53118.001,54321,54152,55645.999,50202,50646.001,52515.001,53647.999,54396.492,55400.701,55790.704,56150.635,56944.28,57823.375,58662.475,59457.255,60171.181,60869.21,61553.764,62209.86,62820.308,63426.948,63971.682,64517.168,65070.148,65632.746,66146.858,66642.681,67126.342,67585.613,68013.18,68433.138,68865.548,69303.164,69786.446,70300.88,70830.141,71412.666,72023.591,72670.301,73368.101,74082.945,74790.212,75482.536,76150.529
Employment - Health care and social assistance,Seattle Region,179039,183890,187641.001,190749.999,195118.997,200609,207534.999,215082,220433,222310.999,226570.999,255883.998,259982.998,265312.001,264717,272467,276786.997,285381.999,290797.004,284179,291945.001,292014.997,299384,304454.073,315110.647,320773.374,324645.49,328764.972,333671.484,338988.147,344448.779,349561.691,354538.21,359077.345,363441.829,367330.877,370927.782,374118.66,377381.036,381245.289,385289.128,389253.8,393271.993,397581.7,402037.442,406530.169,411096.013,415653.991,420376.755,425461.337,430695.086,435897.769,441306.862,446800.198,452243.887,457705.306,463093.122,468413.099,473722.993,478972.571
"Employment - Arts, entertainment, and recreation",Seattle Region,48681.001,50180.001,51365,53716.999,54364,55150,58126,60108,58907,58884.999,59959,60599.001,61074.001,63471,63417.001,66969.001,70701,73140.998,72739,56389.999,59878.001,67718.001,70070,71306.03,73202.409,74039.091,74587.823,75606.155,76748.781,77868.817,78960.411,79968.747,81051.621,81880.624,82710.062,83420.24,84091.149,84685.372,85303.251,85980.477,86711.531,87429.311,88153.975,88909.908,89719.474,90570.116,91456.224,92352.406,93261.889,94208.252,95168.25,96131.8,97153.677,98200.204,99266.118,100369.417,101469.636,102554.455,103642.306,104700.041
Employment - Accommodation and food services,Seattle Region,133451,129833.999,132983.005,135656.999,140575,145669.002,150156.001,151232.995,143535.003,143004.996,146782.999,151367.005,158412.999,166085.003,173721.999,179576.996,185822.998,191018.997,192942.997,146036.002,152322.998,172215.002,184064.999,178935.14,183619.416,184889.136,185510.5,187345.492,189654.695,191961.904,194306.892,196448.778,198644.777,200747.035,202807.178,204730.991,206825.207,208867.99,210914.221,213067.937,215383.173,217694.236,219978.498,222392.336,224922.255,227572.553,230328.071,233154.345,236081.109,239145.399,242357.477,245609.415,249007.884,252591.21,256195.852,259956.874,263758.197,267574.865,271410.671,275207.142
Employment - Other services (except public administration),Seattle Region,111389,114319.001,113624.999,115217.001,115224.999,116279.001,119695.001,118832,115982,113423.002,117179.001,121092.001,122903.999,126850.999,131067.002,133311.001,135011.001,140010.001,140452.001,125305.999,124362.999,126139.001,132701.003,135244.238,139526.637,139482.527,140806.26,142349.764,144222.053,146105.219,147986.515,149714.979,151542.043,153143.45,154702.976,156039.415,157317.11,158437.446,159623.117,160934.118,162356.126,163783.004,165234.771,166757.998,168392.503,170107.527,171899.51,173720.599,175595.882,177568.604,179619.363,181660.875,183831.448,186064.761,188324.237,190645.134,192956.017,195229.693,197505.231,199729.76
Employment - State and Local Government,Seattle Region,222809.007,228852.999,229448.997,230802.004,232952.992,234816.008,237089.998,242988.006,244318.996,243458.994,241038,238515.996,239482.002,243327.997,247619.007,252962.996,257974.001,262988.997,267039.999,258630.997,255172.004,255821.996,266203.002,266099.451,268241.641,269704.732,270069.81,271428.271,273173.366,275343.97,277808.888,280182.752,282341.09,284565.468,286703.847,288922.646,290739.775,292348.873,293950.563,295546.653,297109.298,298615.999,300287.838,301880.273,303589.657,305344.157,307163.819,309027.524,310908.009,312879.284,314812.793,316839.422,319064.853,321136.526,323368.239,325569.826,327767.022,329931.209,332051.076,334102.036
Employment - Federal Civilian,Seattle Region,46376,48818.001,49588.999,49396,49211.998,49318.001,48767,49753,51589.999,53761.999,53087,52485.999,51488,51154.001,52771.999,53777.001,53829,53690.999,54546.001,55369,54074.001,53733,54494,55191.823,56737.688,56615.023,57450.819,57338.78,57208.137,57170.847,57091.263,57220.626,57158.798,57052.017,57039.199,57142.522,57159.799,57183.132,57253.999,57338.112,57395.861,57441.458,57561.19,57622.322,57690.313,57738.962,57778.473,57811.036,57828,57845.435,57812.946,57797.442,57830.551,57776.133,57776.495,57751.176,57723.709,57693.399,57659.438,57619.702
Employment - Federal Military,Seattle Region,51911,53785,54308.001,53735.001,56341,55804.999,56729.999,60941.999,62119,62762.998,61844.003,63835.001,62510.001,58552.999,57806.999,58035.999,55707.999,49503,47267,47940,49091.001,49447,45999,46852.189,49843.16,51668.442,51702.337,51303.257,50951,50687.03,50422.373,50296.544,50180.038,50051.16,49935.142,49880.011,49753.253,49618.539,49498.799,49368.646,49206.01,49020.308,48865.683,48672.107,48483.399,48283.248,48077.781,47867.691,47646.761,47425.931,47175.906,46939.166,46733.649,46476.019,46253.501,46016.866,45780.824,45544.97,45308.428,45069.738
Employment - Farm,Seattle Region,7668,7476,7260,6756,6709,6450,6895,7106,6967,7020,6936,7051,6929,6882,6835,7102,7465,7600,7184,7968,8377,9168,10366,10570.637,10803.986,10863.54,10833.054,10811.585,10761.649,10709.116,10666.187,10605.776,10560.734,10544.134,10523.17,10492.729,10467.344,10443.769,10416.302,10383.877,10351.771,10318.548,10278.692,10238.571,10196.066,10152.891,10108.112,10060.879,10010.789,9958.281,9907.562,9855.819,9801.124,9750.183,9695.486,9641.603,9587.5,9533.131,9478.367,9422.862
Births,Seattle Region,43977.001,43382.01,43514.991,44737,44571.981,46373.98,48753,48897.981,49515.018,48391.009,47266.01,47857.01,48337.011,49085.009,49530.009,51003.971,50095.959,48959.981,48617.029,48731,46460.03,46915.001,46381.01,47208.175,47653.52,47788.802,47654.458,47378.69,47092.467,46859.968,46681.849,46550.586,46502.146,46521.3,46595.266,46750.069,46974.299,47249.811,47573.745,47942.81,48335.309,48737.969,49148.514,49585.315,50033.256,50507.313,51004.789,51534.317,52083.75,52677.217,53310.565,53982.713,54696.648,55453.708,56253.67,57093.916,57941.626,58798.622,59643.747,60468.569
Deaths,Seattle Region,22649.568,22780.367,22855.024,23032.806,23141.961,22611.56,23365.838,23841.485,23453.714,23993.113,24665.51,24314.496,25225.05,25461.783,26501.682,26928.245,27774.687,27796.618,28877.59,31903.08,31241.241,33847.032,32278.82,32808.93,33292.946,33802.312,34313.219,34872.461,35467.827,36062.24,36694.808,37333.325,37979.183,38589.07,39237.714,39854.836,40457.452,41028.662,41567.374,42065.088,42549.878,42965.062,43371.475,43728.307,44054.251,44351.331,44580.91,44848.617,45044.247,45238.357,45413.15,45564.062,45740.043,45926.369,46104.706,46291.795,46508.208,46733.514,46988.072,47279.962
Total Migrants,Seattle Region,21447.005,8279.1,-4669.128,5877.183,15273.799,39459.154,20846.985,27406.977,33315.893,8364.084,35007.921,31932.999,28739.515,40557.216,47771.037,57744.88,49838.102,30503.65,23124.3,24247.993,-26397.193,6608.026,-1490.937,47535.353,31909.485,16381.127,11318.734,13382.709,19581.933,24356.676,27095.545,29361.321,31893.455,31080.231,30784.277,29994.638,28820.215,27109.428,26451.28,26831.731,27761.441,28271.479,29445.231,30830.579,32783.95,34648.399,36731.427,38773.84,40891.473,43408.514,45559.684,47348.727,49479.357,51057.674,52518.526,53568.203,54134.046,54152.968,53806.858,53134.991
Population,Seattle Region,3327439.999,3356430.998,3372778.845,3400926.997,3438070.838,3502134.998,3548571.992,3601953.992,3663596.932,3701268.901,3759847,3816175.027,3869087.8,3934247.942,4006086.043,4089172.95,4162549.923,4215351.691,4259363.007,4303626.994,4293067.979,4310054.973,4322494.777,4384429.601,4430699.667,4461067.29,4485727.265,4511616.205,4542822.779,4577977.185,4615059.772,4653638.354,4694054.772,4733067.233,4771209.062,4808098.933,4843435.995,4876766.571,4909224.222,4941933.675,4975480.548,5009524.934,5044747.204,5081434.791,5120197.746,5161002.128,5204157.434,5249616.972,5297547.948,5348395.321,5401852.42,5457619.798,5516055.76,5576640.773,5639308.263,5703678.587,5769246.051,5835464.128,5901926.661,5968250.259
"Employment - Forestry, fishing, and hunting",United States,801500,842699.982,785300.018,811499.985,829399.979,825500,846599.976,861199.966,832399.979,852400.009,856600.006,885399.994,909099.976,941000.015,917900.009,935200.012,938300.003,961099.976,949699.982,937100.021,942199.997,960000,950000.031,962248.152,986661.043,999077.354,998539.251,999849.394,998920.303,997551.406,996060.298,994541.467,993285.985,994771.919,996154.608,996620.109,997426.245,998393.314,998590.268,998281.126,997955.193,997519.339,996465.215,995339.864,993977.937,992528.475,990911.81,989040.654,986867.824,984431.328,982142.239,979759.92,977060.354,974687.773,971947.887,969250.93,966512.612,963726.756,960879.648,957935.22
Employment - Mining,United States,808399.994,747999.985,800200.012,779399.994,833600.006,930200.012,1012299.988,1213199.982,1126600.006,1269000,1244000,1551200.043,1607000,1597500.031,1553300.018,1452199.997,1320899.994,1179500,1104399.994,979200.012,982800.003,1019000,1059999.985,1044004.418,1048261.395,1051496.856,1060721.88,1056852.982,1053109.287,1050687.224,1048076.318,1047623.928,1045778.824,1044876.022,1044294.725,1044124.322,1042574.96,1040518.679,1038735.002,1036782.135,1034452.78,1031849.269,1029643.022,1026919.664,1024290.074,1021537.207,1018728.829,1015843.385,1012765.804,1009671.254,1006216.097,1002985.785,1000184.061,996703.877,993695.602,990505.152,987336.557,984176.475,981006.832,977789.775
Employment - Utilities,United States,615799.988,599599.976,583200.012,575400.024,569900.024,570700.012,580599.976,597299.988,589799.988,582200.012,575500,577599.976,578299.988,580599.976,597400.024,622000,590799.988,590700.012,591299.988,591400.024,591400.024,599000,620000,627075.249,642386.755,645057.09,643437.234,642206.987,641547.614,640646.606,639617.35,638127.888,636203.081,634618.847,632976.465,631031.717,629226.568,627502.184,625565.172,623362.643,621110.763,618752.858,616130.964,613424.427,610608.94,607735.921,604771.879,601676.537,598419.186,595046.989,591707.031,588341.738,584893.845,581533.356,578054.984,574592.772,571123.403,567644.086,564146.48,560611.609
Employment - Construction,United States,9816700.195,9668799.805,9900299.805,10337599.61,10965799.81,11413900.39,11400000,10769799.81,9424900.391,8770700.195,8744799.805,8933799.805,9237799.805,9564299.805,9844900.391,10322099.61,10558000,10987799.81,11174299.81,11278000,11395099.61,11875000,12238200.2,12506977.95,12509866.95,12757989.63,12889067.37,12818625.29,12812937.48,12830573.92,12844030.05,12874874.63,12895367.27,12923537.1,12953678.13,12996121.74,13022455.47,13046599.2,13072916.02,13095603.02,13110283.3,13118766.64,13132736.57,13137099.22,13141542.3,13142541.69,13141345.76,13137956.02,13130809.73,13122573.77,13107169.77,13093897.88,13086635.58,13067364.83,13054715.87,13038299.27,13021286.22,13003556.33,12984900.96,12964878.92
Employment - Manufacturing,United States,16921600.11,15745699.88,14975000.13,14790899.86,14724200.03,14675199.97,14460799.97,13971299.87,12478199.99,12092900,12376700.01,12596199.98,12761199.91,12907599.96,13078600.01,13131899.93,13233200.14,13449199.97,13530999.91,12863000.03,13050099.98,13534999.99,13637999.97,13514457.08,13822767.58,14099632.21,14028127.41,14058434.27,14052162.73,14032394.53,13983524.84,13976003.19,13949707.54,13982827,14027987.01,14065123.56,14109401.61,14163492.53,14213823.28,14258415.84,14303314.85,14349340.32,14390184.84,14428373.65,14463387.4,14496721.15,14527705.02,14554927.83,14577385.04,14595352.61,14614888.12,14634142.92,14648164.61,14665717.39,14678791.33,14691444.01,14703287.62,14714201.98,14723896.9,14731806.73
Employment - Wholesale trade,United States,6233399.902,6100799.805,6063500,6183500,6334500,6481799.805,6573600.098,6516600.098,6130299.805,6020000,6154299.805,6240500,6343100.098,6719600.098,6818100.098,6461399.902,6491899.902,6471399.902,6468500,6234000,6401399.902,6755000,6937000,6947049.052,7097187.801,7068540.169,7100526.547,7091880.374,7086782.645,7081931.16,7074808.338,7066222.665,7049390.093,7034990.95,7019765.071,7004249.968,6989057.665,6974396.741,6959339.594,6941755.651,6923086.007,6902668.667,6880381.371,6856553.124,6831769.129,6806212.149,6779628.318,6751688.079,6722019.501,6691377.261,6660397.366,6629188.279,6597988.941,6566662.43,6534704.696,6502757.551,6470720.689,6438562.032,6406189.186,6373391.153
Employment - Retail trade,United States,18257800.78,18187099.61,18219099.61,18359500,18665800.78,18802800.78,18968300.78,18539900.39,17796699.22,17571599.61,17927300.78,18073800.78,18369099.61,18713099.61,19092300.78,19194500,19344099.61,19240900.39,18908000,18407699.22,19086699.22,18833000,18940000,18782566.38,19048682.5,18882480.86,18758819.06,18714059.92,18697384.63,18662782.64,18624749.03,18559326.4,18485701.19,18406938.29,18313918.9,18204025.46,18101495.36,17994922.11,17873253.2,17747722.78,17626260.73,17503858.07,17373299.56,17245501.04,17116296.29,16988516.04,16860221.67,16730287.91,16598247.19,16465376.36,16337025.27,16207869.38,16077591.24,15955200.46,15828299.38,15705316.54,15583827.58,15463780.09,15344925.38,15226751.38
Employment - Transportation and warehousing,United States,5480000.004,5355299.98,5308500.061,5415800.06,5602300.003,5743900.024,5927900.101,5819599.884,5533200.016,5466199.989,5670799.969,5866399.963,6012799.9,6282399.963,6932699.905,7414200.085,7996700.069,8582900.162,9221200.214,9716600.143,10617500.07,11200000.02,11574999.99,11949268.04,12096021.45,12181146.06,12359077.89,12492636.96,12635289.56,12780026.51,12925472.31,13066627.15,13197393.42,13334507.29,13470459.17,13604670.44,13739663.11,13876209.18,14009722.64,14139273.8,14267873.32,14394431.53,14518238.18,14639814.36,14760379.69,14880250.13,14998884.3,15115416.49,15228860.96,15340731.47,15452585.08,15564975.24,15677954.87,15791106.87,15903825.23,16017030.78,16130753.91,16244906.12,16359239.97,16473187.08
Employment - Information,United States,4047800.079,3715200.043,3589399.963,3553099.945,3562699.921,3545500,3555900.024,3510399.933,3310299.988,3222600.067,3229000.031,3224699.951,3264599.976,3326999.939,3316399.963,3384899.963,3404500,3419699.982,3399699.951,3292800.049,3552900.024,3829999.969,3886000.061,3871302.367,3984286.79,4027505.663,4031567.434,4057673.512,4087113.97,4117387.394,4148861.225,4179564.602,4208661.724,4236317.219,4256493.413,4269623.449,4274773.174,4272402.976,4272177.758,4270877.732,4268918.124,4265949.919,4262640.384,4258314.611,4253739.236,4248796.793,4243404.901,4237388.496,4230461.102,4223168.213,4215405.924,4207776.998,4200716.536,4192940.68,4185391.571,4177728.473,4170083.417,4162430.111,4154697.099,4146741.159
Employment - Finance and insurance,United States,7800599.854,7866300.049,7944500,8023000,8199300.049,8361800.049,8789600.098,9107199.951,9464800.049,9200400.146,9747499.756,9700300.049,9815300.293,9620999.756,9845600.098,10188400.15,10250300.05,10657800.29,10462599.85,11347000.24,12030499.76,11973000.24,12263000,12235331.47,12466533,12639918.48,12747952.97,12827546.92,12917173.64,13008355.17,13101966.75,13186486.27,13261408.81,13342574.11,13422927.74,13499842.86,13578405.95,13658964.76,13737205.6,13810324,13881962.17,13951215.65,14016218.06,14078615.61,14139049.91,14198064.53,14255090.39,14309233.22,14359559.04,14407356.5,14454791.57,14501997.04,14548266.48,14594506.4,14639166.76,14683462.16,14727386.92,14770845.97,14813597.05,14855110.49
Employment - Real estate and rental and leasing,United States,5548400.208,5674000.183,6006499.756,6507300.11,7109099.792,7453500.061,7752499.756,7682199.829,7504200.012,7690999.878,7928299.988,7856199.768,8056800.049,8405800.171,8667300.11,8867199.829,9203699.768,9487099.792,9134499.634,9803299.622,10685200.2,10868199.77,11409000,11449594.96,11816290.27,11959038.11,12011401.88,12070654.63,12150899.64,12229841.55,12310258.1,12378333.09,12439210.1,12504908.3,12568050.88,12624968.78,12684814.52,12746663.49,12804037.89,12856020.85,12907027.19,12956058.27,12999474.27,13041053.91,13080139.6,13117801.95,13153288.91,13185650.35,13214150.47,13239734.63,13265708.88,13290833.28,13313574.72,13337900.87,13359161.97,13380307.35,13400856.22,13420735,13439730.82,13457380.73
"Employment - Professional, scientific, and technical services",United States,10271799.81,10163200.2,10266299.81,10680900.39,10922099.61,11316799.81,11920099.61,12117900.39,11720799.81,11753799.81,11961099.61,12212200.2,12544299.81,12864700.2,13333200.2,13496900.39,13849200.2,14298099.61,14456700.2,14389099.61,15149299.81,16157000,16735000,16720310.29,17179851.53,17535224.31,17707292.15,17853717.2,18003715.3,18165122.13,18329520.58,18500763.81,18658061.4,18818986.49,18970979.22,19118044.19,19242531.42,19354443.09,19468116.59,19576149.69,19677442.49,19772901.82,19873228.54,19965201.05,20056467.22,20144587.94,20230160.76,20312524.73,20389905.74,20465360.23,20535158.2,20607021.24,20683763.3,20750801.43,20822872.88,20891918.64,20960638.84,21028861.92,21096238.07,21162019.14
Employment - Management of companies and enterprises,United States,1789300.049,1810000,1773500,1802400.024,1860199.951,1915699.951,1960599.976,2075199.951,2024300.049,2018400.024,2080600.098,2179199.951,2265000,2361300.049,2425500,2603800.049,2568699.951,2721899.902,2751300.049,2709600.098,2753000,2953000,3030000,3027580.393,3123371.992,3178269.796,3215264.418,3251335.769,3288633.281,3326086.439,3362716.494,3399868.506,3433362.801,3471382.159,3508571.132,3544988.169,3581083.95,3617270.442,3652903.918,3687334.63,3721264.704,3754590.186,3787245.018,3819145.325,3850672.549,3881844.938,3912560.225,3942580.995,3971677.258,4000256.669,4028621.538,4057074.962,4085507.335,4113663.328,4141669.495,4169527.511,4197333.517,4225056.812,4252624.575,4279882.982
"Employment - Administrative, support, waste management, and remediation services",United States,9603499.603,9614299.622,9751400.391,10173999.82,10403499.6,10791500,11060500.18,10756899.99,10089999.82,10397199.62,10745599.61,11033400.21,11366899.81,11719199.8,11770599.61,12034599.79,12213600.01,12458799.62,12617599.79,11863500.4,12497000,13276999.82,13278999.63,13211471.21,13501010.61,13606820.56,13646824.77,13683230.4,13731485.26,13782458.91,13834600.65,13883653.21,13923683.64,13971580.82,14019496.01,14065275.64,14110576.31,14156760.3,14201752.61,14242512.9,14281594.43,14318398.06,14352969.69,14385105.01,14416024.42,14445850.79,14474170.37,14500157.71,14522977.22,14544175.05,14564869.33,14586025.4,14607493.56,14628319.04,14648793.95,14669133.8,14689577.02,14710025.17,14730236.73,14749691.44
Employment - Educational services; private,United States,3011300.049,3176600.098,3286800.049,3391300.049,3525800.049,3659500,3731800.049,3848300.049,3976199.951,4095899.902,4128600.098,4206200.195,4339100.098,4498100.098,4608899.902,4639799.805,4727399.902,4764700.195,4924000,4531500,4598700.195,4768000,4970000,5018703.205,5114187.696,5151803.309,5157853.253,5184233.725,5216867.984,5247863.475,5279328.425,5304569.928,5326040.333,5351215.5,5375294.8,5397307.055,5419847.832,5443094.488,5465727.574,5486034.19,5505611.453,5524109.309,5540737.563,5556027.554,5570410.496,5584078.48,5596832.831,5608327.839,5618168.189,5626857.088,5635209.433,5643419.897,5651235.204,5658731.959,5665672.529,5672296.418,5678678.989,5684786.195,5690527.608,5695707.425
Employment - Health care and social assistance,United States,15253400.15,15731000.24,16196100.34,16510600.1,16836300.05,17360899.66,18004300.05,18433899.9,18731699.95,19081900.15,19405200.2,20097500,20499199.71,20798400.39,21351099.85,21816100.59,22215299.56,22643000,23118400.39,22524100.1,22990399.9,23737000.24,24895000.24,25462057,26216305.48,26674254.89,26873433.57,27034774.13,27251561.83,27495247.33,27760953.61,27997192.19,28202105.1,28419431.92,28621105.16,28796025.47,28958789.57,29111254.26,29253131.06,29403148.34,29549517.51,29693394.57,29825828.29,29970587.72,30109552.08,30245993.68,30378022.43,30503187.53,30629022.06,30762089.71,30899869.17,31035885.86,31165652.11,31304624.21,31434972.24,31567706.63,31700482.79,31833097.71,31965097.95,32095298.62
"Employment - Arts, entertainment, and recreation",United States,3165099.976,3265199.905,3288799.973,3386699.951,3457300.003,3545399.979,3704100.067,3791800.049,3744099.976,3786400.024,3870300.018,3978899.994,4043800.003,4223299.957,4220099.93,4363100.006,4518599.899,4673399.994,4656900.146,3853000,4151699.921,4665000.046,4947000.046,4976821.407,5095976.194,5164151.884,5185029.375,5221198.802,5265164.363,5308651.992,5353035.754,5392459.058,5429536.781,5466846.842,5502242.432,5533620.905,5564410.135,5594681.89,5623422.832,5649919.179,5676053.563,5701535.609,5725053.685,5747683.297,5769517.27,5790893.02,5811549.397,5831073.677,5849100.516,5866071.343,5883220.856,5900358.705,5916877.459,5933851.684,5950037.825,5966227.791,5982362.481,5998405.994,6014257.658,6029706.785
Employment - Accommodation and food services,United States,10806199.95,10921199.95,11147699.95,11423800.42,11675100.34,11980199.59,12237000.24,12293099.61,11938500,11975299.56,12328399.66,12664500.37,13099199.83,13548900.15,13977699.95,14398999.51,14788399.9,15021899.9,15255800.29,12382899.66,13459100.22,14829999.63,15441000,15009522.68,15369022.87,15488497.05,15498954.22,15560396.86,15653291.73,15745457.23,15844514.87,15927347.23,16005851.91,16089952.88,16173991.32,16252025.71,16341237.65,16436839.13,16529113.21,16617038.26,16707512.63,16798197.23,16882509.75,16968184.28,17052541.7,17137551.54,17221817.49,17303931.62,17383046.09,17460225.5,17540739.23,17621257,17699551.81,17783514.26,17863655.74,17945934.72,18029000.37,18112743.6,18196827.82,18280604.73
Employment - Other services (except public administration),United States,9075600.098,9431100.098,9522399.902,9697000,9783500,9927799.805,10162199.95,10090100.1,9913699.951,9745800.049,10188100.1,10374699.95,10512500.24,10862000,11174199.95,11091600.34,11065500,11526300.05,11578299.81,10850799.81,11191100.1,11750000.24,12142999.76,12367047.79,12716260.84,12734825.11,12809101.17,12864694.73,12947030.6,13029891.83,13118543.4,13194468.43,13265980.3,13351196.06,13428842.06,13494063.57,13559243.57,13622007.13,13679504.87,13732881.08,13787761.3,13845275.63,13898419.44,13951930.12,14004337.48,14057178.41,14109379.29,14159828.2,14207716.43,14253867.14,14304218.59,14353260.11,14400628.73,14452417.48,14501467.86,14552243.41,14603815.54,14656097.32,14708841.36,14761529.59
Employment - State and Local Government,United States,18351000,18662000,18744000,18840000,19008000,19164000,19407000,19693000,19706000,19537000,19292000,19173000,19197000,19288000,19382000,19538000,19651000,19792000,19949000,19236000,19140000,19409000,19921000,19813106.76,19881367.82,19961683.45,19949014.74,19978521.55,20007761.47,20050867.34,20108741.62,20155409.07,20185184.02,20223184.78,20264497.1,20321564.46,20360971.66,20399378.66,20439653.63,20474425.9,20499942.48,20517884.37,20541182.48,20552746.97,20564205.4,20571642.57,20576307.4,20577794.59,20573953.8,20568298.01,20554725.66,20543869.97,20539887.86,20522684.33,20512652.84,20498631.38,20484118.76,20468912.08,20452716.35,20434802.76
Employment - Federal Civilian,United States,2729000,2816000,2821000,2795000,2788000,2783000,2781000,2817000,2884000,3035000,2917000,2875000,2826000,2792000,2810000,2847000,2857000,2849000,2878000,2982000,2938000,2929000,2989000,3027275.661,3112066.506,3105338.326,3151181.775,3145036.415,3137870.666,3135825.289,3131460.1,3138555.692,3135164.421,3129307.487,3128604.402,3134271.65,3135219.341,3136499.159,3140386.169,3144999.815,3148167.334,3150668.348,3157235.616,3160588.764,3164318.054,3166986.447,3169153.63,3170939.69,3171870.21,3172826.509,3171044.475,3170194.11,3172010.092,3169025.302,3169045.156,3167656.407,3166149.822,3164487.303,3162624.573,3160445.051
Employment - Federal Military,United States,2071000,2097000,2110000,2082000,2026000,2040000,2042000,2079000,2092000,2100000,2081000,2056000,2032000,1975000,1957000,1978000,1985000,1898000,1905000,1913000,1929000,1869000,1805000,1838479.139,1955844.781,2027468.819,2028798.834,2013138.942,1999316.401,1988958.236,1978573.095,1973635.556,1969063.859,1964006.673,1959454.13,1957290.786,1952316.833,1947030.64,1942332.057,1937224.854,1930843.021,1923556.069,1917488.604,1909892.653,1902487.782,1894633.85,1886571.343,1878327.404,1869658.12,1860992.749,1851181.757,1841892.084,1833827.629,1823718.206,1814986.629,1805701.053,1796438.781,1787183.851,1777901.957,1768535.764
Employment - Farm,United States,3063000,2904000,2838000,2719000,2656000,2579000,2665000,2629000,2624000,2636000,2639000,2623000,2648000,2649000,2651000,2644000,2622000,2617000,2586000,2577000,2573000,2623000,2643000,2695175.845,2754672.586,2769856.794,2762083.9,2756609.963,2743877.902,2730483.754,2719538.239,2704135.293,2692650.954,2688418.468,2683073.26,2675311.883,2668839.468,2662828.644,2655825.39,2647558.049,2639371.958,2630901.225,2620739.12,2610509.542,2599672.346,2588664.042,2577246.767,2565203.824,2552432.553,2539044.694,2526112.886,2512920.134,2498974.73,2485986.192,2472040.329,2458301.922,2444507.219,2430644.923,2416681.77,2402529.878
Births,United States,4047314.01,4006985.03,4052799.025,4112637.096,4121160.009,4178112.976,4307550.88,4309900.113,4192592.877,4150272.895,3973485.012,3936976.087,3940576.004,3963194.996,3992376.011,3970959.127,3890144.114,3835476.976,3770397.143,3748000.1,3584459.088,3679253.907,3653356.002,3706792.462,3761434.636,3800582.18,3829859.365,3851462.377,3868687.688,3884067.386,3897802.636,3910465.058,3922024.094,3932291.712,3941221.987,3948214.286,3952523.3,3953973.74,3952525.489,3948105.71,3940857.264,3931781.655,3921794.489,3911630.554,3901814.742,3892709.287,3884689.58,3877849.651,3872190.662,3868129.488,3865734.48,3865364.952,3867138.238,3871455.537,3878253.304,3887420.675,3898564.252,3911205.633,3924957.447,3939305.62
Deaths,United States,2419130.786,2430224.995,2422431.003,2449070.896,2432480.891,2418569.001,2427614.986,2438644.992,2439233.997,2491015.999,2512442.011,2501530.895,2608019.108,2582448.006,2699825.907,2703214.888,2788162.995,2839277.002,2847281.983,3070858.993,3438422.895,3456087.287,3148861.016,3220101.984,3264525.444,3310901.471,3357256.787,3406574.4,3457699.046,3507903.72,3560203.826,3612420.235,3664079.768,3713196.703,3764114.098,3812610.067,3858696.342,3902731.294,3942948.631,3980014.45,4014479.143,4043614.228,4070279.544,4092386.895,4110884.063,4125585.816,4134394.692,4143005.507,4146389.153,4146684.15,4144167.015,4138697.941,4132717.743,4125446.329,4116587.63,4107249.325,4098704.174,4089887.471,4082273.179,4076495.277
Total Migrants,United States,1173752.029,1051264.008,795360.016,959123.016,921225.99,979817.001,839834.999,823734.993,725530.006,735267.998,795295.013,858736.015,849728.012,945635.002,1060115.036,1065016.968,948391.998,719871.006,568639.027,477029.007,376008.004,999267.097,1138988.914,2786119,2009997,1562448,1264845,1067294,1069731,1072202,1074682,1077176,1079653,1082168,1084693,1087264,1089796,1092332,1094937,1097512,1100088,1102695,1105317,1107985,1110628,1111183,1111656,1112071,1112427,1112721,1112981,1113173,1113324,1113478,1113612,1113732,1113869,1113980,1114087,1114205
Population,United States,284931709.1,287591012.6,290079622,292776175.9,295489103,298360248.4,301209690.2,304067012.6,306739229.9,309333899.1,311796037.9,314305943.9,316694712.5,319225418.2,321777220.2,324308489.4,326559662.7,328483738.3,330176743.3,331474058.9,331994517.7,333232714.9,334897656.8,338170489.5,340677395.7,342729524.4,344466972,345979153.9,347459873.6,348908239.2,350320520.1,351695740.9,353033338.2,354334601.2,355596402.1,356819270.3,358002893.3,359146467.7,360250981.6,361316584.8,362343051,363333913.4,364290745.3,365217974,366119532.7,366997839.1,367859790,368706705.2,369544933.7,370379100,371213648.5,372053488.5,372901233,373760720.2,374635997.9,375529901.2,376443630.3,377378928.5,378335699.7,379312715.1
